2026-03-24 23:36:34,536 | INFO | === Fuente social: instagram_cali ===
2026-03-24 23:36:36,175 | INFO | patching driver executable C:\Users\juanp\appdata\roaming\undetected_chromedriver\undetected_chromedriver.exe
2026-03-24 23:36:46,741 | INFO | Instagram Selenium: cookies cargadas, sesion=activa
2026-03-24 23:36:46,741 | INFO | Instagram: listando posts de https://www.instagram.com/alertacalidad/
2026-03-24 23:36:50,084 | INFO | Instagram: 12 links encontrados en https://www.instagram.com/alertacalidad/
2026-03-24 23:36:50,084 | INFO | Instagram: listando posts de https://www.instagram.com/cali_informa/
2026-03-24 23:36:53,025 | INFO | Instagram: 12 links encontrados en https://www.instagram.com/cali_informa/
2026-03-24 23:36:53,025 | INFO | Instagram: listando posts de https://www.instagram.com/enteratecali/
2026-03-24 23:36:56,047 | INFO | Instagram: 12 links encontrados en https://www.instagram.com/enteratecali/
2026-03-24 23:36:56,048 | INFO | Instagram: listando posts de https://www.instagram.com/ultimahoracalioficial/
2026-03-24 23:36:58,993 | INFO | Instagram: 12 links encontrados en https://www.instagram.com/ultimahoracalioficial/
2026-03-24 23:36:58,995 | INFO | Instagram: listando posts de https://www.instagram.com/elcalenoviral/
2026-03-24 23:37:01,799 | INFO | Instagram: 12 links encontrados en https://www.instagram.com/elcalenoviral/
2026-03-24 23:37:01,799 | INFO | Instagram: listando posts de https://www.instagram.com/calioknoticias/
2026-03-24 23:37:04,793 | INFO | Instagram: 12 links encontrados en https://www.instagram.com/calioknoticias/
2026-03-24 23:37:04,793 | INFO | Instagram: listando posts de https://www.instagram.com/radiorelojcali/
2026-03-24 23:37:07,879 | INFO | Instagram: 12 links encontrados en https://www.instagram.com/radiorelojcali/
2026-03-24 23:37:07,880 | INFO | Instagram: listando posts de https://www.instagram.com/calivenoticias/
2026-03-24 23:37:10,910 | INFO | Instagram: 12 links encontrados en https://www.instagram.com/calivenoticias/
2026-03-24 23:37:10,910 | INFO | Instagram: listando posts de https://www.instagram.com/quepasaencali/
2026-03-24 23:37:14,117 | INFO | Instagram: 12 links encontrados en https://www.instagram.com/quepasaencali/
2026-03-24 23:37:14,118 | INFO | Instagram: listando posts de https://www.instagram.com/lanoticiaencali/
2026-03-24 23:37:17,274 | INFO | Instagram: 12 links encontrados en https://www.instagram.com/lanoticiaencali/
2026-03-24 23:37:17,275 | INFO | Instagram: listando posts de https://www.instagram.com/radiosupercali/
2026-03-24 23:37:19,946 | WARNING | Error listando Instagram https://www.instagram.com/radiosupercali/: Message: invalid session id
Stacktrace:
	undetected_chromedriver!GetHandleVerifier [0xdecdf3+10b03]
	undetected_chromedriver!GetHandleVerifier [0xdecf24+10c34]
	undetected_chromedriver!(No symbol) [0xbd1f5e]
	undetected_chromedriver!(No symbol) [0xc0f4b7]
	undetected_chromedriver!(No symbol) [0xc3d9c6]
	undetected_chromedriver!(No symbol) [0xc38e42]
	undetected_chromedriver!(No symbol) [0xc38462]
	undetected_chromedriver!(No symbol) [0xba534e]
	undetected_chromedriver!(No symbol) [0xba58ee]
	undetected_chromedriver!(No symbol) [0xba5dcd]
	undetected_chromedriver!GetHandleVerifier [0x10548b9+2785c9]
	undetected_chromedriver!GetHandleVerifier [0x104feb5+273bc5]
	undetected_chromedriver!GetHandleVerifier [0x106e06b+291d7b]
	undetected_chromedriver!GetHandleVerifier [0xe05cc8+299d8]
	undetected_chromedriver!GetHandleVerifier [0xe0d9fd+3170d]
	undetected_chromedriver!(No symbol) [0xba4ee9]
	undetected_chromedriver!(No symbol) [0xba4530]
	undetected_chromedriver!GetHandleVerifier [0x11a2e9f+3c6baf]
	KERNEL32!BaseThreadInitThunk [0x76f75d49+19]
	ntdll!RtlInitializeExceptionChain [0x7722d81b+6b]
	ntdll!RtlGetAppContainerNamedObjectPath [0x7722d7a1+231]

2026-03-24 23:37:19,946 | INFO | Instagram: listando posts de https://www.instagram.com/calisincensura/
2026-03-24 23:37:19,951 | WARNING | Error listando Instagram https://www.instagram.com/calisincensura/: Message: invalid session id
Stacktrace:
	undetected_chromedriver!GetHandleVerifier [0xdecdf3+10b03]
	undetected_chromedriver!GetHandleVerifier [0xdecf24+10c34]
	undetected_chromedriver!(No symbol) [0xbd1f5e]
	undetected_chromedriver!(No symbol) [0xc0f4b7]
	undetected_chromedriver!(No symbol) [0xc3d9c6]
	undetected_chromedriver!(No symbol) [0xc38e42]
	undetected_chromedriver!(No symbol) [0xc38462]
	undetected_chromedriver!(No symbol) [0xba534e]
	undetected_chromedriver!(No symbol) [0xba58ee]
	undetected_chromedriver!(No symbol) [0xba5dcd]
	undetected_chromedriver!GetHandleVerifier [0x10548b9+2785c9]
	undetected_chromedriver!GetHandleVerifier [0x104feb5+273bc5]
	undetected_chromedriver!GetHandleVerifier [0x106e06b+291d7b]
	undetected_chromedriver!GetHandleVerifier [0xe05cc8+299d8]
	undetected_chromedriver!GetHandleVerifier [0xe0d9fd+3170d]
	undetected_chromedriver!(No symbol) [0xba4ee9]
	undetected_chromedriver!(No symbol) [0xba4530]
	undetected_chromedriver!GetHandleVerifier [0x11a2e9f+3c6baf]
	KERNEL32!BaseThreadInitThunk [0x76f75d49+19]
	ntdll!RtlInitializeExceptionChain [0x7722d81b+6b]
	ntdll!RtlGetAppContainerNamedObjectPath [0x7722d7a1+231]

2026-03-24 23:37:19,951 | INFO | Instagram: listando posts de https://www.instagram.com/cwnoticias/
2026-03-24 23:37:19,954 | WARNING | Error listando Instagram https://www.instagram.com/cwnoticias/: Message: invalid session id
Stacktrace:
	undetected_chromedriver!GetHandleVerifier [0xdecdf3+10b03]
	undetected_chromedriver!GetHandleVerifier [0xdecf24+10c34]
	undetected_chromedriver!(No symbol) [0xbd1f5e]
	undetected_chromedriver!(No symbol) [0xc0f4b7]
	undetected_chromedriver!(No symbol) [0xc3d9c6]
	undetected_chromedriver!(No symbol) [0xc38e42]
	undetected_chromedriver!(No symbol) [0xc38462]
	undetected_chromedriver!(No symbol) [0xba534e]
	undetected_chromedriver!(No symbol) [0xba58ee]
	undetected_chromedriver!(No symbol) [0xba5dcd]
	undetected_chromedriver!GetHandleVerifier [0x10548b9+2785c9]
	undetected_chromedriver!GetHandleVerifier [0x104feb5+273bc5]
	undetected_chromedriver!GetHandleVerifier [0x106e06b+291d7b]
	undetected_chromedriver!GetHandleVerifier [0xe05cc8+299d8]
	undetected_chromedriver!GetHandleVerifier [0xe0d9fd+3170d]
	undetected_chromedriver!(No symbol) [0xba4ee9]
	undetected_chromedriver!(No symbol) [0xba4530]
	undetected_chromedriver!GetHandleVerifier [0x11a2e9f+3c6baf]
	KERNEL32!BaseThreadInitThunk [0x76f75d49+19]
	ntdll!RtlInitializeExceptionChain [0x7722d81b+6b]
	ntdll!RtlGetAppContainerNamedObjectPath [0x7722d7a1+231]

2026-03-24 23:37:19,954 | INFO | Instagram: listando posts de https://www.instagram.com/colombiaoscura/
2026-03-24 23:37:19,957 | WARNING | Error listando Instagram https://www.instagram.com/colombiaoscura/: Message: invalid session id
Stacktrace:
	undetected_chromedriver!GetHandleVerifier [0xdecdf3+10b03]
	undetected_chromedriver!GetHandleVerifier [0xdecf24+10c34]
	undetected_chromedriver!(No symbol) [0xbd1f5e]
	undetected_chromedriver!(No symbol) [0xc0f4b7]
	undetected_chromedriver!(No symbol) [0xc3d9c6]
	undetected_chromedriver!(No symbol) [0xc38e42]
	undetected_chromedriver!(No symbol) [0xc38462]
	undetected_chromedriver!(No symbol) [0xba534e]
	undetected_chromedriver!(No symbol) [0xba58ee]
	undetected_chromedriver!(No symbol) [0xba5dcd]
	undetected_chromedriver!GetHandleVerifier [0x10548b9+2785c9]
	undetected_chromedriver!GetHandleVerifier [0x104feb5+273bc5]
	undetected_chromedriver!GetHandleVerifier [0x106e06b+291d7b]
	undetected_chromedriver!GetHandleVerifier [0xe05cc8+299d8]
	undetected_chromedriver!GetHandleVerifier [0xe0d9fd+3170d]
	undetected_chromedriver!(No symbol) [0xba4ee9]
	undetected_chromedriver!(No symbol) [0xba4530]
	undetected_chromedriver!GetHandleVerifier [0x11a2e9f+3c6baf]
	KERNEL32!BaseThreadInitThunk [0x76f75d49+19]
	ntdll!RtlInitializeExceptionChain [0x7722d81b+6b]
	ntdll!RtlGetAppContainerNamedObjectPath [0x7722d7a1+231]

2026-03-24 23:37:19,958 | INFO | Instagram: listando posts de https://www.instagram.com/caliactivaoficial/
2026-03-24 23:37:19,961 | WARNING | Error listando Instagram https://www.instagram.com/caliactivaoficial/: Message: invalid session id
Stacktrace:
	undetected_chromedriver!GetHandleVerifier [0xdecdf3+10b03]
	undetected_chromedriver!GetHandleVerifier [0xdecf24+10c34]
	undetected_chromedriver!(No symbol) [0xbd1f5e]
	undetected_chromedriver!(No symbol) [0xc0f4b7]
	undetected_chromedriver!(No symbol) [0xc3d9c6]
	undetected_chromedriver!(No symbol) [0xc38e42]
	undetected_chromedriver!(No symbol) [0xc38462]
	undetected_chromedriver!(No symbol) [0xba534e]
	undetected_chromedriver!(No symbol) [0xba58ee]
	undetected_chromedriver!(No symbol) [0xba5dcd]
	undetected_chromedriver!GetHandleVerifier [0x10548b9+2785c9]
	undetected_chromedriver!GetHandleVerifier [0x104feb5+273bc5]
	undetected_chromedriver!GetHandleVerifier [0x106e06b+291d7b]
	undetected_chromedriver!GetHandleVerifier [0xe05cc8+299d8]
	undetected_chromedriver!GetHandleVerifier [0xe0d9fd+3170d]
	undetected_chromedriver!(No symbol) [0xba4ee9]
	undetected_chromedriver!(No symbol) [0xba4530]
	undetected_chromedriver!GetHandleVerifier [0x11a2e9f+3c6baf]
	KERNEL32!BaseThreadInitThunk [0x76f75d49+19]
	ntdll!RtlInitializeExceptionChain [0x7722d81b+6b]
	ntdll!RtlGetAppContainerNamedObjectPath [0x7722d7a1+231]

2026-03-24 23:37:19,986 | INFO | Instagram: listando posts de https://www.instagram.com/tubarco/
2026-03-24 23:37:19,989 | WARNING | Error listando Instagram https://www.instagram.com/tubarco/: Message: invalid session id
Stacktrace:
	undetected_chromedriver!GetHandleVerifier [0xdecdf3+10b03]
	undetected_chromedriver!GetHandleVerifier [0xdecf24+10c34]
	undetected_chromedriver!(No symbol) [0xbd1f5e]
	undetected_chromedriver!(No symbol) [0xc0f4b7]
	undetected_chromedriver!(No symbol) [0xc3d9c6]
	undetected_chromedriver!(No symbol) [0xc38e42]
	undetected_chromedriver!(No symbol) [0xc38462]
	undetected_chromedriver!(No symbol) [0xba534e]
	undetected_chromedriver!(No symbol) [0xba58ee]
	undetected_chromedriver!(No symbol) [0xba5dcd]
	undetected_chromedriver!GetHandleVerifier [0x10548b9+2785c9]
	undetected_chromedriver!GetHandleVerifier [0x104feb5+273bc5]
	undetected_chromedriver!GetHandleVerifier [0x106e06b+291d7b]
	undetected_chromedriver!GetHandleVerifier [0xe05cc8+299d8]
	undetected_chromedriver!GetHandleVerifier [0xe0d9fd+3170d]
	undetected_chromedriver!(No symbol) [0xba4ee9]
	undetected_chromedriver!(No symbol) [0xba4530]
	undetected_chromedriver!GetHandleVerifier [0x11a2e9f+3c6baf]
	KERNEL32!BaseThreadInitThunk [0x76f75d49+19]
	ntdll!RtlInitializeExceptionChain [0x7722d81b+6b]
	ntdll!RtlGetAppContainerNamedObjectPath [0x7722d7a1+231]

2026-03-24 23:37:19,989 | INFO | Instagram: listando posts de https://www.instagram.com/tomennotacali/
2026-03-24 23:37:19,991 | WARNING | Error listando Instagram https://www.instagram.com/tomennotacali/: Message: invalid session id
Stacktrace:
	undetected_chromedriver!GetHandleVerifier [0xdecdf3+10b03]
	undetected_chromedriver!GetHandleVerifier [0xdecf24+10c34]
	undetected_chromedriver!(No symbol) [0xbd1f5e]
	undetected_chromedriver!(No symbol) [0xc0f4b7]
	undetected_chromedriver!(No symbol) [0xc3d9c6]
	undetected_chromedriver!(No symbol) [0xc38e42]
	undetected_chromedriver!(No symbol) [0xc38462]
	undetected_chromedriver!(No symbol) [0xba534e]
	undetected_chromedriver!(No symbol) [0xba58ee]
	undetected_chromedriver!(No symbol) [0xba5dcd]
	undetected_chromedriver!GetHandleVerifier [0x10548b9+2785c9]
	undetected_chromedriver!GetHandleVerifier [0x104feb5+273bc5]
	undetected_chromedriver!GetHandleVerifier [0x106e06b+291d7b]
	undetected_chromedriver!GetHandleVerifier [0xe05cc8+299d8]
	undetected_chromedriver!GetHandleVerifier [0xe0d9fd+3170d]
	undetected_chromedriver!(No symbol) [0xba4ee9]
	undetected_chromedriver!(No symbol) [0xba4530]
	undetected_chromedriver!GetHandleVerifier [0x11a2e9f+3c6baf]
	KERNEL32!BaseThreadInitThunk [0x76f75d49+19]
	ntdll!RtlInitializeExceptionChain [0x7722d81b+6b]
	ntdll!RtlGetAppContainerNamedObjectPath [0x7722d7a1+231]

2026-03-24 23:37:19,991 | INFO | Instagram: listando posts de https://www.instagram.com/zonacnoticiasoficial/
2026-03-24 23:37:19,994 | WARNING | Error listando Instagram https://www.instagram.com/zonacnoticiasoficial/: Message: invalid session id
Stacktrace:
	undetected_chromedriver!GetHandleVerifier [0xdecdf3+10b03]
	undetected_chromedriver!GetHandleVerifier [0xdecf24+10c34]
	undetected_chromedriver!(No symbol) [0xbd1f5e]
	undetected_chromedriver!(No symbol) [0xc0f4b7]
	undetected_chromedriver!(No symbol) [0xc3d9c6]
	undetected_chromedriver!(No symbol) [0xc38e42]
	undetected_chromedriver!(No symbol) [0xc38462]
	undetected_chromedriver!(No symbol) [0xba534e]
	undetected_chromedriver!(No symbol) [0xba58ee]
	undetected_chromedriver!(No symbol) [0xba5dcd]
	undetected_chromedriver!GetHandleVerifier [0x10548b9+2785c9]
	undetected_chromedriver!GetHandleVerifier [0x104feb5+273bc5]
	undetected_chromedriver!GetHandleVerifier [0x106e06b+291d7b]
	undetected_chromedriver!GetHandleVerifier [0xe05cc8+299d8]
	undetected_chromedriver!GetHandleVerifier [0xe0d9fd+3170d]
	undetected_chromedriver!(No symbol) [0xba4ee9]
	undetected_chromedriver!(No symbol) [0xba4530]
	undetected_chromedriver!GetHandleVerifier [0x11a2e9f+3c6baf]
	KERNEL32!BaseThreadInitThunk [0x76f75d49+19]
	ntdll!RtlInitializeExceptionChain [0x7722d81b+6b]
	ntdll!RtlGetAppContainerNamedObjectPath [0x7722d7a1+231]

2026-03-24 23:37:19,994 | INFO | Instagram: listando posts de https://www.instagram.com/elpaiscali/
2026-03-24 23:37:19,996 | WARNING | Error listando Instagram https://www.instagram.com/elpaiscali/: Message: invalid session id
Stacktrace:
	undetected_chromedriver!GetHandleVerifier [0xdecdf3+10b03]
	undetected_chromedriver!GetHandleVerifier [0xdecf24+10c34]
	undetected_chromedriver!(No symbol) [0xbd1f5e]
	undetected_chromedriver!(No symbol) [0xc0f4b7]
	undetected_chromedriver!(No symbol) [0xc3d9c6]
	undetected_chromedriver!(No symbol) [0xc38e42]
	undetected_chromedriver!(No symbol) [0xc38462]
	undetected_chromedriver!(No symbol) [0xba534e]
	undetected_chromedriver!(No symbol) [0xba58ee]
	undetected_chromedriver!(No symbol) [0xba5dcd]
	undetected_chromedriver!GetHandleVerifier [0x10548b9+2785c9]
	undetected_chromedriver!GetHandleVerifier [0x104feb5+273bc5]
	undetected_chromedriver!GetHandleVerifier [0x106e06b+291d7b]
	undetected_chromedriver!GetHandleVerifier [0xe05cc8+299d8]
	undetected_chromedriver!GetHandleVerifier [0xe0d9fd+3170d]
	undetected_chromedriver!(No symbol) [0xba4ee9]
	undetected_chromedriver!(No symbol) [0xba4530]
	undetected_chromedriver!GetHandleVerifier [0x11a2e9f+3c6baf]
	KERNEL32!BaseThreadInitThunk [0x76f75d49+19]
	ntdll!RtlInitializeExceptionChain [0x7722d81b+6b]
	ntdll!RtlGetAppContainerNamedObjectPath [0x7722d7a1+231]

2026-03-24 23:37:19,996 | INFO | Instagram: listando posts de https://www.instagram.com/explore/tags/seguridadcali/
2026-03-24 23:37:19,999 | WARNING | Error listando Instagram https://www.instagram.com/explore/tags/seguridadcali/: Message: invalid session id
Stacktrace:
	undetected_chromedriver!GetHandleVerifier [0xdecdf3+10b03]
	undetected_chromedriver!GetHandleVerifier [0xdecf24+10c34]
	undetected_chromedriver!(No symbol) [0xbd1f5e]
	undetected_chromedriver!(No symbol) [0xc0f4b7]
	undetected_chromedriver!(No symbol) [0xc3d9c6]
	undetected_chromedriver!(No symbol) [0xc38e42]
	undetected_chromedriver!(No symbol) [0xc38462]
	undetected_chromedriver!(No symbol) [0xba534e]
	undetected_chromedriver!(No symbol) [0xba58ee]
	undetected_chromedriver!(No symbol) [0xba5dcd]
	undetected_chromedriver!GetHandleVerifier [0x10548b9+2785c9]
	undetected_chromedriver!GetHandleVerifier [0x104feb5+273bc5]
	undetected_chromedriver!GetHandleVerifier [0x106e06b+291d7b]
	undetected_chromedriver!GetHandleVerifier [0xe05cc8+299d8]
	undetected_chromedriver!GetHandleVerifier [0xe0d9fd+3170d]
	undetected_chromedriver!(No symbol) [0xba4ee9]
	undetected_chromedriver!(No symbol) [0xba4530]
	undetected_chromedriver!GetHandleVerifier [0x11a2e9f+3c6baf]
	KERNEL32!BaseThreadInitThunk [0x76f75d49+19]
	ntdll!RtlInitializeExceptionChain [0x7722d81b+6b]
	ntdll!RtlGetAppContainerNamedObjectPath [0x7722d7a1+231]

2026-03-24 23:37:19,999 | INFO | Instagram: listando posts de https://www.instagram.com/explore/tags/inseguridadcali/
2026-03-24 23:37:20,006 | WARNING | Error listando Instagram https://www.instagram.com/explore/tags/inseguridadcali/: Message: invalid session id
Stacktrace:
	undetected_chromedriver!GetHandleVerifier [0xdecdf3+10b03]
	undetected_chromedriver!GetHandleVerifier [0xdecf24+10c34]
	undetected_chromedriver!(No symbol) [0xbd1f5e]
	undetected_chromedriver!(No symbol) [0xc0f4b7]
	undetected_chromedriver!(No symbol) [0xc3d9c6]
	undetected_chromedriver!(No symbol) [0xc38e42]
	undetected_chromedriver!(No symbol) [0xc38462]
	undetected_chromedriver!(No symbol) [0xba534e]
	undetected_chromedriver!(No symbol) [0xba58ee]
	undetected_chromedriver!(No symbol) [0xba5dcd]
	undetected_chromedriver!GetHandleVerifier [0x10548b9+2785c9]
	undetected_chromedriver!GetHandleVerifier [0x104feb5+273bc5]
	undetected_chromedriver!GetHandleVerifier [0x106e06b+291d7b]
	undetected_chromedriver!GetHandleVerifier [0xe05cc8+299d8]
	undetected_chromedriver!GetHandleVerifier [0xe0d9fd+3170d]
	undetected_chromedriver!(No symbol) [0xba4ee9]
	undetected_chromedriver!(No symbol) [0xba4530]
	undetected_chromedriver!GetHandleVerifier [0x11a2e9f+3c6baf]
	KERNEL32!BaseThreadInitThunk [0x76f75d49+19]
	ntdll!RtlInitializeExceptionChain [0x7722d81b+6b]
	ntdll!RtlGetAppContainerNamedObjectPath [0x7722d7a1+231]

2026-03-24 23:37:20,006 | INFO | Instagram: listando posts de https://www.instagram.com/explore/tags/hurtoscali/
2026-03-24 23:37:20,010 | WARNING | Error listando Instagram https://www.instagram.com/explore/tags/hurtoscali/: Message: invalid session id
Stacktrace:
	undetected_chromedriver!GetHandleVerifier [0xdecdf3+10b03]
	undetected_chromedriver!GetHandleVerifier [0xdecf24+10c34]
	undetected_chromedriver!(No symbol) [0xbd1f5e]
	undetected_chromedriver!(No symbol) [0xc0f4b7]
	undetected_chromedriver!(No symbol) [0xc3d9c6]
	undetected_chromedriver!(No symbol) [0xc38e42]
	undetected_chromedriver!(No symbol) [0xc38462]
	undetected_chromedriver!(No symbol) [0xba534e]
	undetected_chromedriver!(No symbol) [0xba58ee]
	undetected_chromedriver!(No symbol) [0xba5dcd]
	undetected_chromedriver!GetHandleVerifier [0x10548b9+2785c9]
	undetected_chromedriver!GetHandleVerifier [0x104feb5+273bc5]
	undetected_chromedriver!GetHandleVerifier [0x106e06b+291d7b]
	undetected_chromedriver!GetHandleVerifier [0xe05cc8+299d8]
	undetected_chromedriver!GetHandleVerifier [0xe0d9fd+3170d]
	undetected_chromedriver!(No symbol) [0xba4ee9]
	undetected_chromedriver!(No symbol) [0xba4530]
	undetected_chromedriver!GetHandleVerifier [0x11a2e9f+3c6baf]
	KERNEL32!BaseThreadInitThunk [0x76f75d49+19]
	ntdll!RtlInitializeExceptionChain [0x7722d81b+6b]
	ntdll!RtlGetAppContainerNamedObjectPath [0x7722d7a1+231]

2026-03-24 23:37:20,010 | INFO | Instagram: listando posts de https://www.instagram.com/explore/tags/violenciacali/
2026-03-24 23:37:20,012 | WARNING | Error listando Instagram https://www.instagram.com/explore/tags/violenciacali/: Message: invalid session id
Stacktrace:
	undetected_chromedriver!GetHandleVerifier [0xdecdf3+10b03]
	undetected_chromedriver!GetHandleVerifier [0xdecf24+10c34]
	undetected_chromedriver!(No symbol) [0xbd1f5e]
	undetected_chromedriver!(No symbol) [0xc0f4b7]
	undetected_chromedriver!(No symbol) [0xc3d9c6]
	undetected_chromedriver!(No symbol) [0xc38e42]
	undetected_chromedriver!(No symbol) [0xc38462]
	undetected_chromedriver!(No symbol) [0xba534e]
	undetected_chromedriver!(No symbol) [0xba58ee]
	undetected_chromedriver!(No symbol) [0xba5dcd]
	undetected_chromedriver!GetHandleVerifier [0x10548b9+2785c9]
	undetected_chromedriver!GetHandleVerifier [0x104feb5+273bc5]
	undetected_chromedriver!GetHandleVerifier [0x106e06b+291d7b]
	undetected_chromedriver!GetHandleVerifier [0xe05cc8+299d8]
	undetected_chromedriver!GetHandleVerifier [0xe0d9fd+3170d]
	undetected_chromedriver!(No symbol) [0xba4ee9]
	undetected_chromedriver!(No symbol) [0xba4530]
	undetected_chromedriver!GetHandleVerifier [0x11a2e9f+3c6baf]
	KERNEL32!BaseThreadInitThunk [0x76f75d49+19]
	ntdll!RtlInitializeExceptionChain [0x7722d81b+6b]
	ntdll!RtlGetAppContainerNamedObjectPath [0x7722d7a1+231]

2026-03-24 23:37:20,012 | INFO | Instagram: listando posts de https://www.instagram.com/explore/tags/homicidioscali/
2026-03-24 23:37:20,016 | WARNING | Error listando Instagram https://www.instagram.com/explore/tags/homicidioscali/: Message: invalid session id
Stacktrace:
	undetected_chromedriver!GetHandleVerifier [0xdecdf3+10b03]
	undetected_chromedriver!GetHandleVerifier [0xdecf24+10c34]
	undetected_chromedriver!(No symbol) [0xbd1f5e]
	undetected_chromedriver!(No symbol) [0xc0f4b7]
	undetected_chromedriver!(No symbol) [0xc3d9c6]
	undetected_chromedriver!(No symbol) [0xc38e42]
	undetected_chromedriver!(No symbol) [0xc38462]
	undetected_chromedriver!(No symbol) [0xba534e]
	undetected_chromedriver!(No symbol) [0xba58ee]
	undetected_chromedriver!(No symbol) [0xba5dcd]
	undetected_chromedriver!GetHandleVerifier [0x10548b9+2785c9]
	undetected_chromedriver!GetHandleVerifier [0x104feb5+273bc5]
	undetected_chromedriver!GetHandleVerifier [0x106e06b+291d7b]
	undetected_chromedriver!GetHandleVerifier [0xe05cc8+299d8]
	undetected_chromedriver!GetHandleVerifier [0xe0d9fd+3170d]
	undetected_chromedriver!(No symbol) [0xba4ee9]
	undetected_chromedriver!(No symbol) [0xba4530]
	undetected_chromedriver!GetHandleVerifier [0x11a2e9f+3c6baf]
	KERNEL32!BaseThreadInitThunk [0x76f75d49+19]
	ntdll!RtlInitializeExceptionChain [0x7722d81b+6b]
	ntdll!RtlGetAppContainerNamedObjectPath [0x7722d7a1+231]

2026-03-24 23:37:20,016 | INFO | Instagram: listando posts de https://www.instagram.com/explore/tags/feminicidiocali/
2026-03-24 23:37:20,018 | WARNING | Error listando Instagram https://www.instagram.com/explore/tags/feminicidiocali/: Message: invalid session id
Stacktrace:
	undetected_chromedriver!GetHandleVerifier [0xdecdf3+10b03]
	undetected_chromedriver!GetHandleVerifier [0xdecf24+10c34]
	undetected_chromedriver!(No symbol) [0xbd1f5e]
	undetected_chromedriver!(No symbol) [0xc0f4b7]
	undetected_chromedriver!(No symbol) [0xc3d9c6]
	undetected_chromedriver!(No symbol) [0xc38e42]
	undetected_chromedriver!(No symbol) [0xc38462]
	undetected_chromedriver!(No symbol) [0xba534e]
	undetected_chromedriver!(No symbol) [0xba58ee]
	undetected_chromedriver!(No symbol) [0xba5dcd]
	undetected_chromedriver!GetHandleVerifier [0x10548b9+2785c9]
	undetected_chromedriver!GetHandleVerifier [0x104feb5+273bc5]
	undetected_chromedriver!GetHandleVerifier [0x106e06b+291d7b]
	undetected_chromedriver!GetHandleVerifier [0xe05cc8+299d8]
	undetected_chromedriver!GetHandleVerifier [0xe0d9fd+3170d]
	undetected_chromedriver!(No symbol) [0xba4ee9]
	undetected_chromedriver!(No symbol) [0xba4530]
	undetected_chromedriver!GetHandleVerifier [0x11a2e9f+3c6baf]
	KERNEL32!BaseThreadInitThunk [0x76f75d49+19]
	ntdll!RtlInitializeExceptionChain [0x7722d81b+6b]
	ntdll!RtlGetAppContainerNamedObjectPath [0x7722d7a1+231]

2026-03-24 23:37:20,018 | INFO | Instagram: listando posts de https://www.instagram.com/explore/tags/narcotraficocali/
2026-03-24 23:37:20,023 | WARNING | Error listando Instagram https://www.instagram.com/explore/tags/narcotraficocali/: Message: invalid session id
Stacktrace:
	undetected_chromedriver!GetHandleVerifier [0xdecdf3+10b03]
	undetected_chromedriver!GetHandleVerifier [0xdecf24+10c34]
	undetected_chromedriver!(No symbol) [0xbd1f5e]
	undetected_chromedriver!(No symbol) [0xc0f4b7]
	undetected_chromedriver!(No symbol) [0xc3d9c6]
	undetected_chromedriver!(No symbol) [0xc38e42]
	undetected_chromedriver!(No symbol) [0xc38462]
	undetected_chromedriver!(No symbol) [0xba534e]
	undetected_chromedriver!(No symbol) [0xba58ee]
	undetected_chromedriver!(No symbol) [0xba5dcd]
	undetected_chromedriver!GetHandleVerifier [0x10548b9+2785c9]
	undetected_chromedriver!GetHandleVerifier [0x104feb5+273bc5]
	undetected_chromedriver!GetHandleVerifier [0x106e06b+291d7b]
	undetected_chromedriver!GetHandleVerifier [0xe05cc8+299d8]
	undetected_chromedriver!GetHandleVerifier [0xe0d9fd+3170d]
	undetected_chromedriver!(No symbol) [0xba4ee9]
	undetected_chromedriver!(No symbol) [0xba4530]
	undetected_chromedriver!GetHandleVerifier [0x11a2e9f+3c6baf]
	KERNEL32!BaseThreadInitThunk [0x76f75d49+19]
	ntdll!RtlInitializeExceptionChain [0x7722d81b+6b]
	ntdll!RtlGetAppContainerNamedObjectPath [0x7722d7a1+231]

2026-03-24 23:37:20,023 | INFO | Instagram: listando posts de https://www.instagram.com/explore/tags/estafacali/
2026-03-24 23:37:20,027 | WARNING | Error listando Instagram https://www.instagram.com/explore/tags/estafacali/: Message: invalid session id
Stacktrace:
	undetected_chromedriver!GetHandleVerifier [0xdecdf3+10b03]
	undetected_chromedriver!GetHandleVerifier [0xdecf24+10c34]
	undetected_chromedriver!(No symbol) [0xbd1f5e]
	undetected_chromedriver!(No symbol) [0xc0f4b7]
	undetected_chromedriver!(No symbol) [0xc3d9c6]
	undetected_chromedriver!(No symbol) [0xc38e42]
	undetected_chromedriver!(No symbol) [0xc38462]
	undetected_chromedriver!(No symbol) [0xba534e]
	undetected_chromedriver!(No symbol) [0xba58ee]
	undetected_chromedriver!(No symbol) [0xba5dcd]
	undetected_chromedriver!GetHandleVerifier [0x10548b9+2785c9]
	undetected_chromedriver!GetHandleVerifier [0x104feb5+273bc5]
	undetected_chromedriver!GetHandleVerifier [0x106e06b+291d7b]
	undetected_chromedriver!GetHandleVerifier [0xe05cc8+299d8]
	undetected_chromedriver!GetHandleVerifier [0xe0d9fd+3170d]
	undetected_chromedriver!(No symbol) [0xba4ee9]
	undetected_chromedriver!(No symbol) [0xba4530]
	undetected_chromedriver!GetHandleVerifier [0x11a2e9f+3c6baf]
	KERNEL32!BaseThreadInitThunk [0x76f75d49+19]
	ntdll!RtlInitializeExceptionChain [0x7722d81b+6b]
	ntdll!RtlGetAppContainerNamedObjectPath [0x7722d7a1+231]

2026-03-24 23:37:20,028 | INFO | Instagram: listando posts de https://www.instagram.com/explore/tags/roboscali/
2026-03-24 23:37:20,032 | WARNING | Error listando Instagram https://www.instagram.com/explore/tags/roboscali/: Message: invalid session id
Stacktrace:
	undetected_chromedriver!GetHandleVerifier [0xdecdf3+10b03]
	undetected_chromedriver!GetHandleVerifier [0xdecf24+10c34]
	undetected_chromedriver!(No symbol) [0xbd1f5e]
	undetected_chromedriver!(No symbol) [0xc0f4b7]
	undetected_chromedriver!(No symbol) [0xc3d9c6]
	undetected_chromedriver!(No symbol) [0xc38e42]
	undetected_chromedriver!(No symbol) [0xc38462]
	undetected_chromedriver!(No symbol) [0xba534e]
	undetected_chromedriver!(No symbol) [0xba58ee]
	undetected_chromedriver!(No symbol) [0xba5dcd]
	undetected_chromedriver!GetHandleVerifier [0x10548b9+2785c9]
	undetected_chromedriver!GetHandleVerifier [0x104feb5+273bc5]
	undetected_chromedriver!GetHandleVerifier [0x106e06b+291d7b]
	undetected_chromedriver!GetHandleVerifier [0xe05cc8+299d8]
	undetected_chromedriver!GetHandleVerifier [0xe0d9fd+3170d]
	undetected_chromedriver!(No symbol) [0xba4ee9]
	undetected_chromedriver!(No symbol) [0xba4530]
	undetected_chromedriver!GetHandleVerifier [0x11a2e9f+3c6baf]
	KERNEL32!BaseThreadInitThunk [0x76f75d49+19]
	ntdll!RtlInitializeExceptionChain [0x7722d81b+6b]
	ntdll!RtlGetAppContainerNamedObjectPath [0x7722d7a1+231]

2026-03-24 23:37:20,033 | INFO | Instagram: listando posts de https://www.instagram.com/explore/tags/cali/
2026-03-24 23:37:20,037 | WARNING | Error listando Instagram https://www.instagram.com/explore/tags/cali/: Message: invalid session id
Stacktrace:
	undetected_chromedriver!GetHandleVerifier [0xdecdf3+10b03]
	undetected_chromedriver!GetHandleVerifier [0xdecf24+10c34]
	undetected_chromedriver!(No symbol) [0xbd1f5e]
	undetected_chromedriver!(No symbol) [0xc0f4b7]
	undetected_chromedriver!(No symbol) [0xc3d9c6]
	undetected_chromedriver!(No symbol) [0xc38e42]
	undetected_chromedriver!(No symbol) [0xc38462]
	undetected_chromedriver!(No symbol) [0xba534e]
	undetected_chromedriver!(No symbol) [0xba58ee]
	undetected_chromedriver!(No symbol) [0xba5dcd]
	undetected_chromedriver!GetHandleVerifier [0x10548b9+2785c9]
	undetected_chromedriver!GetHandleVerifier [0x104feb5+273bc5]
	undetected_chromedriver!GetHandleVerifier [0x106e06b+291d7b]
	undetected_chromedriver!GetHandleVerifier [0xe05cc8+299d8]
	undetected_chromedriver!GetHandleVerifier [0xe0d9fd+3170d]
	undetected_chromedriver!(No symbol) [0xba4ee9]
	undetected_chromedriver!(No symbol) [0xba4530]
	undetected_chromedriver!GetHandleVerifier [0x11a2e9f+3c6baf]
	KERNEL32!BaseThreadInitThunk [0x76f75d49+19]
	ntdll!RtlInitializeExceptionChain [0x7722d81b+6b]
	ntdll!RtlGetAppContainerNamedObjectPath [0x7722d7a1+231]

2026-03-24 23:37:20,038 | INFO | Instagram: scrapeando post 1/120 -> https://www.instagram.com/alertacalidad/p/DVYWDfWDtZ6/
2026-03-24 23:37:20,041 | WARNING | Error scrapeando post https://www.instagram.com/alertacalidad/p/DVYWDfWDtZ6/: Message: invalid session id
Stacktrace:
	undetected_chromedriver!GetHandleVerifier [0xdecdf3+10b03]
	undetected_chromedriver!GetHandleVerifier [0xdecf24+10c34]
	undetected_chromedriver!(No symbol) [0xbd1f5e]
	undetected_chromedriver!(No symbol) [0xc0f4b7]
	undetected_chromedriver!(No symbol) [0xc3d9c6]
	undetected_chromedriver!(No symbol) [0xc38e42]
	undetected_chromedriver!(No symbol) [0xc38462]
	undetected_chromedriver!(No symbol) [0xba534e]
	undetected_chromedriver!(No symbol) [0xba58ee]
	undetected_chromedriver!(No symbol) [0xba5dcd]
	undetected_chromedriver!GetHandleVerifier [0x10548b9+2785c9]
	undetected_chromedriver!GetHandleVerifier [0x104feb5+273bc5]
	undetected_chromedriver!GetHandleVerifier [0x106e06b+291d7b]
	undetected_chromedriver!GetHandleVerifier [0xe05cc8+299d8]
	undetected_chromedriver!GetHandleVerifier [0xe0d9fd+3170d]
	undetected_chromedriver!(No symbol) [0xba4ee9]
	undetected_chromedriver!(No symbol) [0xba4530]
	undetected_chromedriver!GetHandleVerifier [0x11a2e9f+3c6baf]
	KERNEL32!BaseThreadInitThunk [0x76f75d49+19]
	ntdll!RtlInitializeExceptionChain [0x7722d81b+6b]
	ntdll!RtlGetAppContainerNamedObjectPath [0x7722d7a1+231]

2026-03-24 23:37:20,041 | INFO | Instagram: scrapeando post 2/120 -> https://www.instagram.com/alertacalidad/reel/DWSWOY9hE9C/
2026-03-24 23:37:20,044 | WARNING | Error scrapeando post https://www.instagram.com/alertacalidad/reel/DWSWOY9hE9C/: Message: invalid session id
Stacktrace:
	undetected_chromedriver!GetHandleVerifier [0xdecdf3+10b03]
	undetected_chromedriver!GetHandleVerifier [0xdecf24+10c34]
	undetected_chromedriver!(No symbol) [0xbd1f5e]
	undetected_chromedriver!(No symbol) [0xc0f4b7]
	undetected_chromedriver!(No symbol) [0xc3d9c6]
	undetected_chromedriver!(No symbol) [0xc38e42]
	undetected_chromedriver!(No symbol) [0xc38462]
	undetected_chromedriver!(No symbol) [0xba534e]
	undetected_chromedriver!(No symbol) [0xba58ee]
	undetected_chromedriver!(No symbol) [0xba5dcd]
	undetected_chromedriver!GetHandleVerifier [0x10548b9+2785c9]
	undetected_chromedriver!GetHandleVerifier [0x104feb5+273bc5]
	undetected_chromedriver!GetHandleVerifier [0x106e06b+291d7b]
	undetected_chromedriver!GetHandleVerifier [0xe05cc8+299d8]
	undetected_chromedriver!GetHandleVerifier [0xe0d9fd+3170d]
	undetected_chromedriver!(No symbol) [0xba4ee9]
	undetected_chromedriver!(No symbol) [0xba4530]
	undetected_chromedriver!GetHandleVerifier [0x11a2e9f+3c6baf]
	KERNEL32!BaseThreadInitThunk [0x76f75d49+19]
	ntdll!RtlInitializeExceptionChain [0x7722d81b+6b]
	ntdll!RtlGetAppContainerNamedObjectPath [0x7722d7a1+231]

2026-03-24 23:37:20,045 | INFO | Instagram: scrapeando post 3/120 -> https://www.instagram.com/alertacalidad/p/DWSPRslidor/
2026-03-24 23:37:20,048 | WARNING | Error scrapeando post https://www.instagram.com/alertacalidad/p/DWSPRslidor/: Message: invalid session id
Stacktrace:
	undetected_chromedriver!GetHandleVerifier [0xdecdf3+10b03]
	undetected_chromedriver!GetHandleVerifier [0xdecf24+10c34]
	undetected_chromedriver!(No symbol) [0xbd1f5e]
	undetected_chromedriver!(No symbol) [0xc0f4b7]
	undetected_chromedriver!(No symbol) [0xc3d9c6]
	undetected_chromedriver!(No symbol) [0xc38e42]
	undetected_chromedriver!(No symbol) [0xc38462]
	undetected_chromedriver!(No symbol) [0xba534e]
	undetected_chromedriver!(No symbol) [0xba58ee]
	undetected_chromedriver!(No symbol) [0xba5dcd]
	undetected_chromedriver!GetHandleVerifier [0x10548b9+2785c9]
	undetected_chromedriver!GetHandleVerifier [0x104feb5+273bc5]
	undetected_chromedriver!GetHandleVerifier [0x106e06b+291d7b]
	undetected_chromedriver!GetHandleVerifier [0xe05cc8+299d8]
	undetected_chromedriver!GetHandleVerifier [0xe0d9fd+3170d]
	undetected_chromedriver!(No symbol) [0xba4ee9]
	undetected_chromedriver!(No symbol) [0xba4530]
	undetected_chromedriver!GetHandleVerifier [0x11a2e9f+3c6baf]
	KERNEL32!BaseThreadInitThunk [0x76f75d49+19]
	ntdll!RtlInitializeExceptionChain [0x7722d81b+6b]
	ntdll!RtlGetAppContainerNamedObjectPath [0x7722d7a1+231]

2026-03-24 23:37:20,048 | INFO | Instagram: scrapeando post 4/120 -> https://www.instagram.com/alertacalidad/p/DWSPBvNid1t/
2026-03-24 23:37:20,051 | WARNING | Error scrapeando post https://www.instagram.com/alertacalidad/p/DWSPBvNid1t/: Message: invalid session id
Stacktrace:
	undetected_chromedriver!GetHandleVerifier [0xdecdf3+10b03]
	undetected_chromedriver!GetHandleVerifier [0xdecf24+10c34]
	undetected_chromedriver!(No symbol) [0xbd1f5e]
	undetected_chromedriver!(No symbol) [0xc0f4b7]
	undetected_chromedriver!(No symbol) [0xc3d9c6]
	undetected_chromedriver!(No symbol) [0xc38e42]
	undetected_chromedriver!(No symbol) [0xc38462]
	undetected_chromedriver!(No symbol) [0xba534e]
	undetected_chromedriver!(No symbol) [0xba58ee]
	undetected_chromedriver!(No symbol) [0xba5dcd]
	undetected_chromedriver!GetHandleVerifier [0x10548b9+2785c9]
	undetected_chromedriver!GetHandleVerifier [0x104feb5+273bc5]
	undetected_chromedriver!GetHandleVerifier [0x106e06b+291d7b]
	undetected_chromedriver!GetHandleVerifier [0xe05cc8+299d8]
	undetected_chromedriver!GetHandleVerifier [0xe0d9fd+3170d]
	undetected_chromedriver!(No symbol) [0xba4ee9]
	undetected_chromedriver!(No symbol) [0xba4530]
	undetected_chromedriver!GetHandleVerifier [0x11a2e9f+3c6baf]
	KERNEL32!BaseThreadInitThunk [0x76f75d49+19]
	ntdll!RtlInitializeExceptionChain [0x7722d81b+6b]
	ntdll!RtlGetAppContainerNamedObjectPath [0x7722d7a1+231]

2026-03-24 23:37:20,052 | INFO | Instagram: scrapeando post 5/120 -> https://www.instagram.com/alertacalidad/reel/DWSKOMLCbjh/
2026-03-24 23:37:20,055 | WARNING | Error scrapeando post https://www.instagram.com/alertacalidad/reel/DWSKOMLCbjh/: Message: invalid session id
Stacktrace:
	undetected_chromedriver!GetHandleVerifier [0xdecdf3+10b03]
	undetected_chromedriver!GetHandleVerifier [0xdecf24+10c34]
	undetected_chromedriver!(No symbol) [0xbd1f5e]
	undetected_chromedriver!(No symbol) [0xc0f4b7]
	undetected_chromedriver!(No symbol) [0xc3d9c6]
	undetected_chromedriver!(No symbol) [0xc38e42]
	undetected_chromedriver!(No symbol) [0xc38462]
	undetected_chromedriver!(No symbol) [0xba534e]
	undetected_chromedriver!(No symbol) [0xba58ee]
	undetected_chromedriver!(No symbol) [0xba5dcd]
	undetected_chromedriver!GetHandleVerifier [0x10548b9+2785c9]
	undetected_chromedriver!GetHandleVerifier [0x104feb5+273bc5]
	undetected_chromedriver!GetHandleVerifier [0x106e06b+291d7b]
	undetected_chromedriver!GetHandleVerifier [0xe05cc8+299d8]
	undetected_chromedriver!GetHandleVerifier [0xe0d9fd+3170d]
	undetected_chromedriver!(No symbol) [0xba4ee9]
	undetected_chromedriver!(No symbol) [0xba4530]
	undetected_chromedriver!GetHandleVerifier [0x11a2e9f+3c6baf]
	KERNEL32!BaseThreadInitThunk [0x76f75d49+19]
	ntdll!RtlInitializeExceptionChain [0x7722d81b+6b]
	ntdll!RtlGetAppContainerNamedObjectPath [0x7722d7a1+231]

2026-03-24 23:37:20,055 | INFO | Instagram: scrapeando post 6/120 -> https://www.instagram.com/alertacalidad/p/DWSIbZ9iWn_/
2026-03-24 23:37:20,059 | WARNING | Error scrapeando post https://www.instagram.com/alertacalidad/p/DWSIbZ9iWn_/: Message: invalid session id
Stacktrace:
	undetected_chromedriver!GetHandleVerifier [0xdecdf3+10b03]
	undetected_chromedriver!GetHandleVerifier [0xdecf24+10c34]
	undetected_chromedriver!(No symbol) [0xbd1f5e]
	undetected_chromedriver!(No symbol) [0xc0f4b7]
	undetected_chromedriver!(No symbol) [0xc3d9c6]
	undetected_chromedriver!(No symbol) [0xc38e42]
	undetected_chromedriver!(No symbol) [0xc38462]
	undetected_chromedriver!(No symbol) [0xba534e]
	undetected_chromedriver!(No symbol) [0xba58ee]
	undetected_chromedriver!(No symbol) [0xba5dcd]
	undetected_chromedriver!GetHandleVerifier [0x10548b9+2785c9]
	undetected_chromedriver!GetHandleVerifier [0x104feb5+273bc5]
	undetected_chromedriver!GetHandleVerifier [0x106e06b+291d7b]
	undetected_chromedriver!GetHandleVerifier [0xe05cc8+299d8]
	undetected_chromedriver!GetHandleVerifier [0xe0d9fd+3170d]
	undetected_chromedriver!(No symbol) [0xba4ee9]
	undetected_chromedriver!(No symbol) [0xba4530]
	undetected_chromedriver!GetHandleVerifier [0x11a2e9f+3c6baf]
	KERNEL32!BaseThreadInitThunk [0x76f75d49+19]
	ntdll!RtlInitializeExceptionChain [0x7722d81b+6b]
	ntdll!RtlGetAppContainerNamedObjectPath [0x7722d7a1+231]

2026-03-24 23:37:20,060 | INFO | Instagram: scrapeando post 7/120 -> https://www.instagram.com/alertacalidad/reel/DWSBjqrBBA-/
2026-03-24 23:37:20,062 | WARNING | Error scrapeando post https://www.instagram.com/alertacalidad/reel/DWSBjqrBBA-/: Message: invalid session id
Stacktrace:
	undetected_chromedriver!GetHandleVerifier [0xdecdf3+10b03]
	undetected_chromedriver!GetHandleVerifier [0xdecf24+10c34]
	undetected_chromedriver!(No symbol) [0xbd1f5e]
	undetected_chromedriver!(No symbol) [0xc0f4b7]
	undetected_chromedriver!(No symbol) [0xc3d9c6]
	undetected_chromedriver!(No symbol) [0xc38e42]
	undetected_chromedriver!(No symbol) [0xc38462]
	undetected_chromedriver!(No symbol) [0xba534e]
	undetected_chromedriver!(No symbol) [0xba58ee]
	undetected_chromedriver!(No symbol) [0xba5dcd]
	undetected_chromedriver!GetHandleVerifier [0x10548b9+2785c9]
	undetected_chromedriver!GetHandleVerifier [0x104feb5+273bc5]
	undetected_chromedriver!GetHandleVerifier [0x106e06b+291d7b]
	undetected_chromedriver!GetHandleVerifier [0xe05cc8+299d8]
	undetected_chromedriver!GetHandleVerifier [0xe0d9fd+3170d]
	undetected_chromedriver!(No symbol) [0xba4ee9]
	undetected_chromedriver!(No symbol) [0xba4530]
	undetected_chromedriver!GetHandleVerifier [0x11a2e9f+3c6baf]
	KERNEL32!BaseThreadInitThunk [0x76f75d49+19]
	ntdll!RtlInitializeExceptionChain [0x7722d81b+6b]
	ntdll!RtlGetAppContainerNamedObjectPath [0x7722d7a1+231]

2026-03-24 23:37:20,062 | INFO | Instagram: scrapeando post 8/120 -> https://www.instagram.com/alertacalidad/p/DWR77v9CVsD/
2026-03-24 23:37:20,066 | WARNING | Error scrapeando post https://www.instagram.com/alertacalidad/p/DWR77v9CVsD/: Message: invalid session id
Stacktrace:
	undetected_chromedriver!GetHandleVerifier [0xdecdf3+10b03]
	undetected_chromedriver!GetHandleVerifier [0xdecf24+10c34]
	undetected_chromedriver!(No symbol) [0xbd1f5e]
	undetected_chromedriver!(No symbol) [0xc0f4b7]
	undetected_chromedriver!(No symbol) [0xc3d9c6]
	undetected_chromedriver!(No symbol) [0xc38e42]
	undetected_chromedriver!(No symbol) [0xc38462]
	undetected_chromedriver!(No symbol) [0xba534e]
	undetected_chromedriver!(No symbol) [0xba58ee]
	undetected_chromedriver!(No symbol) [0xba5dcd]
	undetected_chromedriver!GetHandleVerifier [0x10548b9+2785c9]
	undetected_chromedriver!GetHandleVerifier [0x104feb5+273bc5]
	undetected_chromedriver!GetHandleVerifier [0x106e06b+291d7b]
	undetected_chromedriver!GetHandleVerifier [0xe05cc8+299d8]
	undetected_chromedriver!GetHandleVerifier [0xe0d9fd+3170d]
	undetected_chromedriver!(No symbol) [0xba4ee9]
	undetected_chromedriver!(No symbol) [0xba4530]
	undetected_chromedriver!GetHandleVerifier [0x11a2e9f+3c6baf]
	KERNEL32!BaseThreadInitThunk [0x76f75d49+19]
	ntdll!RtlInitializeExceptionChain [0x7722d81b+6b]
	ntdll!RtlGetAppContainerNamedObjectPath [0x7722d7a1+231]

2026-03-24 23:37:20,066 | INFO | Instagram: scrapeando post 9/120 -> https://www.instagram.com/alertacalidad/p/DWRx3PZCW-U/
2026-03-24 23:37:20,069 | WARNING | Error scrapeando post https://www.instagram.com/alertacalidad/p/DWRx3PZCW-U/: Message: invalid session id
Stacktrace:
	undetected_chromedriver!GetHandleVerifier [0xdecdf3+10b03]
	undetected_chromedriver!GetHandleVerifier [0xdecf24+10c34]
	undetected_chromedriver!(No symbol) [0xbd1f5e]
	undetected_chromedriver!(No symbol) [0xc0f4b7]
	undetected_chromedriver!(No symbol) [0xc3d9c6]
	undetected_chromedriver!(No symbol) [0xc38e42]
	undetected_chromedriver!(No symbol) [0xc38462]
	undetected_chromedriver!(No symbol) [0xba534e]
	undetected_chromedriver!(No symbol) [0xba58ee]
	undetected_chromedriver!(No symbol) [0xba5dcd]
	undetected_chromedriver!GetHandleVerifier [0x10548b9+2785c9]
	undetected_chromedriver!GetHandleVerifier [0x104feb5+273bc5]
	undetected_chromedriver!GetHandleVerifier [0x106e06b+291d7b]
	undetected_chromedriver!GetHandleVerifier [0xe05cc8+299d8]
	undetected_chromedriver!GetHandleVerifier [0xe0d9fd+3170d]
	undetected_chromedriver!(No symbol) [0xba4ee9]
	undetected_chromedriver!(No symbol) [0xba4530]
	undetected_chromedriver!GetHandleVerifier [0x11a2e9f+3c6baf]
	KERNEL32!BaseThreadInitThunk [0x76f75d49+19]
	ntdll!RtlInitializeExceptionChain [0x7722d81b+6b]
	ntdll!RtlGetAppContainerNamedObjectPath [0x7722d7a1+231]

2026-03-24 23:37:20,069 | INFO | Instagram: scrapeando post 10/120 -> https://www.instagram.com/alertacalidad/p/DWRoM2NCag7/
2026-03-24 23:37:20,072 | WARNING | Error scrapeando post https://www.instagram.com/alertacalidad/p/DWRoM2NCag7/: Message: invalid session id
Stacktrace:
	undetected_chromedriver!GetHandleVerifier [0xdecdf3+10b03]
	undetected_chromedriver!GetHandleVerifier [0xdecf24+10c34]
	undetected_chromedriver!(No symbol) [0xbd1f5e]
	undetected_chromedriver!(No symbol) [0xc0f4b7]
	undetected_chromedriver!(No symbol) [0xc3d9c6]
	undetected_chromedriver!(No symbol) [0xc38e42]
	undetected_chromedriver!(No symbol) [0xc38462]
	undetected_chromedriver!(No symbol) [0xba534e]
	undetected_chromedriver!(No symbol) [0xba58ee]
	undetected_chromedriver!(No symbol) [0xba5dcd]
	undetected_chromedriver!GetHandleVerifier [0x10548b9+2785c9]
	undetected_chromedriver!GetHandleVerifier [0x104feb5+273bc5]
	undetected_chromedriver!GetHandleVerifier [0x106e06b+291d7b]
	undetected_chromedriver!GetHandleVerifier [0xe05cc8+299d8]
	undetected_chromedriver!GetHandleVerifier [0xe0d9fd+3170d]
	undetected_chromedriver!(No symbol) [0xba4ee9]
	undetected_chromedriver!(No symbol) [0xba4530]
	undetected_chromedriver!GetHandleVerifier [0x11a2e9f+3c6baf]
	KERNEL32!BaseThreadInitThunk [0x76f75d49+19]
	ntdll!RtlInitializeExceptionChain [0x7722d81b+6b]
	ntdll!RtlGetAppContainerNamedObjectPath [0x7722d7a1+231]

2026-03-24 23:37:20,072 | INFO | Instagram: scrapeando post 11/120 -> https://www.instagram.com/alertacalidad/p/DWRh9-2jjdj/
2026-03-24 23:37:20,076 | WARNING | Error scrapeando post https://www.instagram.com/alertacalidad/p/DWRh9-2jjdj/: Message: invalid session id
Stacktrace:
	undetected_chromedriver!GetHandleVerifier [0xdecdf3+10b03]
	undetected_chromedriver!GetHandleVerifier [0xdecf24+10c34]
	undetected_chromedriver!(No symbol) [0xbd1f5e]
	undetected_chromedriver!(No symbol) [0xc0f4b7]
	undetected_chromedriver!(No symbol) [0xc3d9c6]
	undetected_chromedriver!(No symbol) [0xc38e42]
	undetected_chromedriver!(No symbol) [0xc38462]
	undetected_chromedriver!(No symbol) [0xba534e]
	undetected_chromedriver!(No symbol) [0xba58ee]
	undetected_chromedriver!(No symbol) [0xba5dcd]
	undetected_chromedriver!GetHandleVerifier [0x10548b9+2785c9]
	undetected_chromedriver!GetHandleVerifier [0x104feb5+273bc5]
	undetected_chromedriver!GetHandleVerifier [0x106e06b+291d7b]
	undetected_chromedriver!GetHandleVerifier [0xe05cc8+299d8]
	undetected_chromedriver!GetHandleVerifier [0xe0d9fd+3170d]
	undetected_chromedriver!(No symbol) [0xba4ee9]
	undetected_chromedriver!(No symbol) [0xba4530]
	undetected_chromedriver!GetHandleVerifier [0x11a2e9f+3c6baf]
	KERNEL32!BaseThreadInitThunk [0x76f75d49+19]
	ntdll!RtlInitializeExceptionChain [0x7722d81b+6b]
	ntdll!RtlGetAppContainerNamedObjectPath [0x7722d7a1+231]

2026-03-24 23:37:20,076 | INFO | Instagram: scrapeando post 12/120 -> https://www.instagram.com/alertacalidad/p/DWRao5KjoPh/
2026-03-24 23:37:20,078 | WARNING | Error scrapeando post https://www.instagram.com/alertacalidad/p/DWRao5KjoPh/: Message: invalid session id
Stacktrace:
	undetected_chromedriver!GetHandleVerifier [0xdecdf3+10b03]
	undetected_chromedriver!GetHandleVerifier [0xdecf24+10c34]
	undetected_chromedriver!(No symbol) [0xbd1f5e]
	undetected_chromedriver!(No symbol) [0xc0f4b7]
	undetected_chromedriver!(No symbol) [0xc3d9c6]
	undetected_chromedriver!(No symbol) [0xc38e42]
	undetected_chromedriver!(No symbol) [0xc38462]
	undetected_chromedriver!(No symbol) [0xba534e]
	undetected_chromedriver!(No symbol) [0xba58ee]
	undetected_chromedriver!(No symbol) [0xba5dcd]
	undetected_chromedriver!GetHandleVerifier [0x10548b9+2785c9]
	undetected_chromedriver!GetHandleVerifier [0x104feb5+273bc5]
	undetected_chromedriver!GetHandleVerifier [0x106e06b+291d7b]
	undetected_chromedriver!GetHandleVerifier [0xe05cc8+299d8]
	undetected_chromedriver!GetHandleVerifier [0xe0d9fd+3170d]
	undetected_chromedriver!(No symbol) [0xba4ee9]
	undetected_chromedriver!(No symbol) [0xba4530]
	undetected_chromedriver!GetHandleVerifier [0x11a2e9f+3c6baf]
	KERNEL32!BaseThreadInitThunk [0x76f75d49+19]
	ntdll!RtlInitializeExceptionChain [0x7722d81b+6b]
	ntdll!RtlGetAppContainerNamedObjectPath [0x7722d7a1+231]

2026-03-24 23:37:20,078 | INFO | Instagram: scrapeando post 13/120 -> https://www.instagram.com/cali_informa/reel/DP3-fDUgOcp/
2026-03-24 23:37:20,081 | WARNING | Error scrapeando post https://www.instagram.com/cali_informa/reel/DP3-fDUgOcp/: Message: invalid session id
Stacktrace:
	undetected_chromedriver!GetHandleVerifier [0xdecdf3+10b03]
	undetected_chromedriver!GetHandleVerifier [0xdecf24+10c34]
	undetected_chromedriver!(No symbol) [0xbd1f5e]
	undetected_chromedriver!(No symbol) [0xc0f4b7]
	undetected_chromedriver!(No symbol) [0xc3d9c6]
	undetected_chromedriver!(No symbol) [0xc38e42]
	undetected_chromedriver!(No symbol) [0xc38462]
	undetected_chromedriver!(No symbol) [0xba534e]
	undetected_chromedriver!(No symbol) [0xba58ee]
	undetected_chromedriver!(No symbol) [0xba5dcd]
	undetected_chromedriver!GetHandleVerifier [0x10548b9+2785c9]
	undetected_chromedriver!GetHandleVerifier [0x104feb5+273bc5]
	undetected_chromedriver!GetHandleVerifier [0x106e06b+291d7b]
	undetected_chromedriver!GetHandleVerifier [0xe05cc8+299d8]
	undetected_chromedriver!GetHandleVerifier [0xe0d9fd+3170d]
	undetected_chromedriver!(No symbol) [0xba4ee9]
	undetected_chromedriver!(No symbol) [0xba4530]
	undetected_chromedriver!GetHandleVerifier [0x11a2e9f+3c6baf]
	KERNEL32!BaseThreadInitThunk [0x76f75d49+19]
	ntdll!RtlInitializeExceptionChain [0x7722d81b+6b]
	ntdll!RtlGetAppContainerNamedObjectPath [0x7722d7a1+231]

2026-03-24 23:37:20,082 | INFO | Instagram: scrapeando post 14/120 -> https://www.instagram.com/cali_informa/reel/DP4hif9D2-U/
2026-03-24 23:37:20,086 | WARNING | Error scrapeando post https://www.instagram.com/cali_informa/reel/DP4hif9D2-U/: Message: invalid session id
Stacktrace:
	undetected_chromedriver!GetHandleVerifier [0xdecdf3+10b03]
	undetected_chromedriver!GetHandleVerifier [0xdecf24+10c34]
	undetected_chromedriver!(No symbol) [0xbd1f5e]
	undetected_chromedriver!(No symbol) [0xc0f4b7]
	undetected_chromedriver!(No symbol) [0xc3d9c6]
	undetected_chromedriver!(No symbol) [0xc38e42]
	undetected_chromedriver!(No symbol) [0xc38462]
	undetected_chromedriver!(No symbol) [0xba534e]
	undetected_chromedriver!(No symbol) [0xba58ee]
	undetected_chromedriver!(No symbol) [0xba5dcd]
	undetected_chromedriver!GetHandleVerifier [0x10548b9+2785c9]
	undetected_chromedriver!GetHandleVerifier [0x104feb5+273bc5]
	undetected_chromedriver!GetHandleVerifier [0x106e06b+291d7b]
	undetected_chromedriver!GetHandleVerifier [0xe05cc8+299d8]
	undetected_chromedriver!GetHandleVerifier [0xe0d9fd+3170d]
	undetected_chromedriver!(No symbol) [0xba4ee9]
	undetected_chromedriver!(No symbol) [0xba4530]
	undetected_chromedriver!GetHandleVerifier [0x11a2e9f+3c6baf]
	KERNEL32!BaseThreadInitThunk [0x76f75d49+19]
	ntdll!RtlInitializeExceptionChain [0x7722d81b+6b]
	ntdll!RtlGetAppContainerNamedObjectPath [0x7722d7a1+231]

2026-03-24 23:37:20,086 | INFO | Instagram: scrapeando post 15/120 -> https://www.instagram.com/cali_informa/reel/DPrH8I7ADeQ/
2026-03-24 23:37:20,089 | WARNING | Error scrapeando post https://www.instagram.com/cali_informa/reel/DPrH8I7ADeQ/: Message: invalid session id
Stacktrace:
	undetected_chromedriver!GetHandleVerifier [0xdecdf3+10b03]
	undetected_chromedriver!GetHandleVerifier [0xdecf24+10c34]
	undetected_chromedriver!(No symbol) [0xbd1f5e]
	undetected_chromedriver!(No symbol) [0xc0f4b7]
	undetected_chromedriver!(No symbol) [0xc3d9c6]
	undetected_chromedriver!(No symbol) [0xc38e42]
	undetected_chromedriver!(No symbol) [0xc38462]
	undetected_chromedriver!(No symbol) [0xba534e]
	undetected_chromedriver!(No symbol) [0xba58ee]
	undetected_chromedriver!(No symbol) [0xba5dcd]
	undetected_chromedriver!GetHandleVerifier [0x10548b9+2785c9]
	undetected_chromedriver!GetHandleVerifier [0x104feb5+273bc5]
	undetected_chromedriver!GetHandleVerifier [0x106e06b+291d7b]
	undetected_chromedriver!GetHandleVerifier [0xe05cc8+299d8]
	undetected_chromedriver!GetHandleVerifier [0xe0d9fd+3170d]
	undetected_chromedriver!(No symbol) [0xba4ee9]
	undetected_chromedriver!(No symbol) [0xba4530]
	undetected_chromedriver!GetHandleVerifier [0x11a2e9f+3c6baf]
	KERNEL32!BaseThreadInitThunk [0x76f75d49+19]
	ntdll!RtlInitializeExceptionChain [0x7722d81b+6b]
	ntdll!RtlGetAppContainerNamedObjectPath [0x7722d7a1+231]

2026-03-24 23:37:20,089 | INFO | Instagram: scrapeando post 16/120 -> https://www.instagram.com/cali_informa/reel/DWROQ1_CfEM/
2026-03-24 23:37:20,091 | WARNING | Error scrapeando post https://www.instagram.com/cali_informa/reel/DWROQ1_CfEM/: Message: invalid session id
Stacktrace:
	undetected_chromedriver!GetHandleVerifier [0xdecdf3+10b03]
	undetected_chromedriver!GetHandleVerifier [0xdecf24+10c34]
	undetected_chromedriver!(No symbol) [0xbd1f5e]
	undetected_chromedriver!(No symbol) [0xc0f4b7]
	undetected_chromedriver!(No symbol) [0xc3d9c6]
	undetected_chromedriver!(No symbol) [0xc38e42]
	undetected_chromedriver!(No symbol) [0xc38462]
	undetected_chromedriver!(No symbol) [0xba534e]
	undetected_chromedriver!(No symbol) [0xba58ee]
	undetected_chromedriver!(No symbol) [0xba5dcd]
	undetected_chromedriver!GetHandleVerifier [0x10548b9+2785c9]
	undetected_chromedriver!GetHandleVerifier [0x104feb5+273bc5]
	undetected_chromedriver!GetHandleVerifier [0x106e06b+291d7b]
	undetected_chromedriver!GetHandleVerifier [0xe05cc8+299d8]
	undetected_chromedriver!GetHandleVerifier [0xe0d9fd+3170d]
	undetected_chromedriver!(No symbol) [0xba4ee9]
	undetected_chromedriver!(No symbol) [0xba4530]
	undetected_chromedriver!GetHandleVerifier [0x11a2e9f+3c6baf]
	KERNEL32!BaseThreadInitThunk [0x76f75d49+19]
	ntdll!RtlInitializeExceptionChain [0x7722d81b+6b]
	ntdll!RtlGetAppContainerNamedObjectPath [0x7722d7a1+231]

2026-03-24 23:37:20,091 | INFO | Instagram: scrapeando post 17/120 -> https://www.instagram.com/cali_informa/p/DWRLm9FFo57/
2026-03-24 23:37:20,094 | WARNING | Error scrapeando post https://www.instagram.com/cali_informa/p/DWRLm9FFo57/: Message: invalid session id
Stacktrace:
	undetected_chromedriver!GetHandleVerifier [0xdecdf3+10b03]
	undetected_chromedriver!GetHandleVerifier [0xdecf24+10c34]
	undetected_chromedriver!(No symbol) [0xbd1f5e]
	undetected_chromedriver!(No symbol) [0xc0f4b7]
	undetected_chromedriver!(No symbol) [0xc3d9c6]
	undetected_chromedriver!(No symbol) [0xc38e42]
	undetected_chromedriver!(No symbol) [0xc38462]
	undetected_chromedriver!(No symbol) [0xba534e]
	undetected_chromedriver!(No symbol) [0xba58ee]
	undetected_chromedriver!(No symbol) [0xba5dcd]
	undetected_chromedriver!GetHandleVerifier [0x10548b9+2785c9]
	undetected_chromedriver!GetHandleVerifier [0x104feb5+273bc5]
	undetected_chromedriver!GetHandleVerifier [0x106e06b+291d7b]
	undetected_chromedriver!GetHandleVerifier [0xe05cc8+299d8]
	undetected_chromedriver!GetHandleVerifier [0xe0d9fd+3170d]
	undetected_chromedriver!(No symbol) [0xba4ee9]
	undetected_chromedriver!(No symbol) [0xba4530]
	undetected_chromedriver!GetHandleVerifier [0x11a2e9f+3c6baf]
	KERNEL32!BaseThreadInitThunk [0x76f75d49+19]
	ntdll!RtlInitializeExceptionChain [0x7722d81b+6b]
	ntdll!RtlGetAppContainerNamedObjectPath [0x7722d7a1+231]

2026-03-24 23:37:20,095 | INFO | Instagram: scrapeando post 18/120 -> https://www.instagram.com/cali_informa/p/DWRLGL7Fi0Z/
2026-03-24 23:37:20,096 | WARNING | Error scrapeando post https://www.instagram.com/cali_informa/p/DWRLGL7Fi0Z/: Message: invalid session id
Stacktrace:
	undetected_chromedriver!GetHandleVerifier [0xdecdf3+10b03]
	undetected_chromedriver!GetHandleVerifier [0xdecf24+10c34]
	undetected_chromedriver!(No symbol) [0xbd1f5e]
	undetected_chromedriver!(No symbol) [0xc0f4b7]
	undetected_chromedriver!(No symbol) [0xc3d9c6]
	undetected_chromedriver!(No symbol) [0xc38e42]
	undetected_chromedriver!(No symbol) [0xc38462]
	undetected_chromedriver!(No symbol) [0xba534e]
	undetected_chromedriver!(No symbol) [0xba58ee]
	undetected_chromedriver!(No symbol) [0xba5dcd]
	undetected_chromedriver!GetHandleVerifier [0x10548b9+2785c9]
	undetected_chromedriver!GetHandleVerifier [0x104feb5+273bc5]
	undetected_chromedriver!GetHandleVerifier [0x106e06b+291d7b]
	undetected_chromedriver!GetHandleVerifier [0xe05cc8+299d8]
	undetected_chromedriver!GetHandleVerifier [0xe0d9fd+3170d]
	undetected_chromedriver!(No symbol) [0xba4ee9]
	undetected_chromedriver!(No symbol) [0xba4530]
	undetected_chromedriver!GetHandleVerifier [0x11a2e9f+3c6baf]
	KERNEL32!BaseThreadInitThunk [0x76f75d49+19]
	ntdll!RtlInitializeExceptionChain [0x7722d81b+6b]
	ntdll!RtlGetAppContainerNamedObjectPath [0x7722d7a1+231]

2026-03-24 23:37:20,098 | INFO | Instagram: scrapeando post 19/120 -> https://www.instagram.com/cali_informa/reel/DWRJtjWkgCr/
2026-03-24 23:37:20,100 | WARNING | Error scrapeando post https://www.instagram.com/cali_informa/reel/DWRJtjWkgCr/: Message: invalid session id
Stacktrace:
	undetected_chromedriver!GetHandleVerifier [0xdecdf3+10b03]
	undetected_chromedriver!GetHandleVerifier [0xdecf24+10c34]
	undetected_chromedriver!(No symbol) [0xbd1f5e]
	undetected_chromedriver!(No symbol) [0xc0f4b7]
	undetected_chromedriver!(No symbol) [0xc3d9c6]
	undetected_chromedriver!(No symbol) [0xc38e42]
	undetected_chromedriver!(No symbol) [0xc38462]
	undetected_chromedriver!(No symbol) [0xba534e]
	undetected_chromedriver!(No symbol) [0xba58ee]
	undetected_chromedriver!(No symbol) [0xba5dcd]
	undetected_chromedriver!GetHandleVerifier [0x10548b9+2785c9]
	undetected_chromedriver!GetHandleVerifier [0x104feb5+273bc5]
	undetected_chromedriver!GetHandleVerifier [0x106e06b+291d7b]
	undetected_chromedriver!GetHandleVerifier [0xe05cc8+299d8]
	undetected_chromedriver!GetHandleVerifier [0xe0d9fd+3170d]
	undetected_chromedriver!(No symbol) [0xba4ee9]
	undetected_chromedriver!(No symbol) [0xba4530]
	undetected_chromedriver!GetHandleVerifier [0x11a2e9f+3c6baf]
	KERNEL32!BaseThreadInitThunk [0x76f75d49+19]
	ntdll!RtlInitializeExceptionChain [0x7722d81b+6b]
	ntdll!RtlGetAppContainerNamedObjectPath [0x7722d7a1+231]

2026-03-24 23:37:20,100 | INFO | Instagram: scrapeando post 20/120 -> https://www.instagram.com/cali_informa/p/DWRHN4NlmVS/
2026-03-24 23:37:20,102 | WARNING | Error scrapeando post https://www.instagram.com/cali_informa/p/DWRHN4NlmVS/: Message: invalid session id
Stacktrace:
	undetected_chromedriver!GetHandleVerifier [0xdecdf3+10b03]
	undetected_chromedriver!GetHandleVerifier [0xdecf24+10c34]
	undetected_chromedriver!(No symbol) [0xbd1f5e]
	undetected_chromedriver!(No symbol) [0xc0f4b7]
	undetected_chromedriver!(No symbol) [0xc3d9c6]
	undetected_chromedriver!(No symbol) [0xc38e42]
	undetected_chromedriver!(No symbol) [0xc38462]
	undetected_chromedriver!(No symbol) [0xba534e]
	undetected_chromedriver!(No symbol) [0xba58ee]
	undetected_chromedriver!(No symbol) [0xba5dcd]
	undetected_chromedriver!GetHandleVerifier [0x10548b9+2785c9]
	undetected_chromedriver!GetHandleVerifier [0x104feb5+273bc5]
	undetected_chromedriver!GetHandleVerifier [0x106e06b+291d7b]
	undetected_chromedriver!GetHandleVerifier [0xe05cc8+299d8]
	undetected_chromedriver!GetHandleVerifier [0xe0d9fd+3170d]
	undetected_chromedriver!(No symbol) [0xba4ee9]
	undetected_chromedriver!(No symbol) [0xba4530]
	undetected_chromedriver!GetHandleVerifier [0x11a2e9f+3c6baf]
	KERNEL32!BaseThreadInitThunk [0x76f75d49+19]
	ntdll!RtlInitializeExceptionChain [0x7722d81b+6b]
	ntdll!RtlGetAppContainerNamedObjectPath [0x7722d7a1+231]

2026-03-24 23:37:20,103 | INFO | Instagram: scrapeando post 21/120 -> https://www.instagram.com/cali_informa/p/DWRGljVFsko/
2026-03-24 23:37:20,105 | WARNING | Error scrapeando post https://www.instagram.com/cali_informa/p/DWRGljVFsko/: Message: invalid session id
Stacktrace:
	undetected_chromedriver!GetHandleVerifier [0xdecdf3+10b03]
	undetected_chromedriver!GetHandleVerifier [0xdecf24+10c34]
	undetected_chromedriver!(No symbol) [0xbd1f5e]
	undetected_chromedriver!(No symbol) [0xc0f4b7]
	undetected_chromedriver!(No symbol) [0xc3d9c6]
	undetected_chromedriver!(No symbol) [0xc38e42]
	undetected_chromedriver!(No symbol) [0xc38462]
	undetected_chromedriver!(No symbol) [0xba534e]
	undetected_chromedriver!(No symbol) [0xba58ee]
	undetected_chromedriver!(No symbol) [0xba5dcd]
	undetected_chromedriver!GetHandleVerifier [0x10548b9+2785c9]
	undetected_chromedriver!GetHandleVerifier [0x104feb5+273bc5]
	undetected_chromedriver!GetHandleVerifier [0x106e06b+291d7b]
	undetected_chromedriver!GetHandleVerifier [0xe05cc8+299d8]
	undetected_chromedriver!GetHandleVerifier [0xe0d9fd+3170d]
	undetected_chromedriver!(No symbol) [0xba4ee9]
	undetected_chromedriver!(No symbol) [0xba4530]
	undetected_chromedriver!GetHandleVerifier [0x11a2e9f+3c6baf]
	KERNEL32!BaseThreadInitThunk [0x76f75d49+19]
	ntdll!RtlInitializeExceptionChain [0x7722d81b+6b]
	ntdll!RtlGetAppContainerNamedObjectPath [0x7722d7a1+231]

2026-03-24 23:37:20,106 | INFO | Instagram: scrapeando post 22/120 -> https://www.instagram.com/cali_informa/p/DWRFr6RFnkQ/
2026-03-24 23:37:20,108 | WARNING | Error scrapeando post https://www.instagram.com/cali_informa/p/DWRFr6RFnkQ/: Message: invalid session id
Stacktrace:
	undetected_chromedriver!GetHandleVerifier [0xdecdf3+10b03]
	undetected_chromedriver!GetHandleVerifier [0xdecf24+10c34]
	undetected_chromedriver!(No symbol) [0xbd1f5e]
	undetected_chromedriver!(No symbol) [0xc0f4b7]
	undetected_chromedriver!(No symbol) [0xc3d9c6]
	undetected_chromedriver!(No symbol) [0xc38e42]
	undetected_chromedriver!(No symbol) [0xc38462]
	undetected_chromedriver!(No symbol) [0xba534e]
	undetected_chromedriver!(No symbol) [0xba58ee]
	undetected_chromedriver!(No symbol) [0xba5dcd]
	undetected_chromedriver!GetHandleVerifier [0x10548b9+2785c9]
	undetected_chromedriver!GetHandleVerifier [0x104feb5+273bc5]
	undetected_chromedriver!GetHandleVerifier [0x106e06b+291d7b]
	undetected_chromedriver!GetHandleVerifier [0xe05cc8+299d8]
	undetected_chromedriver!GetHandleVerifier [0xe0d9fd+3170d]
	undetected_chromedriver!(No symbol) [0xba4ee9]
	undetected_chromedriver!(No symbol) [0xba4530]
	undetected_chromedriver!GetHandleVerifier [0x11a2e9f+3c6baf]
	KERNEL32!BaseThreadInitThunk [0x76f75d49+19]
	ntdll!RtlInitializeExceptionChain [0x7722d81b+6b]
	ntdll!RtlGetAppContainerNamedObjectPath [0x7722d7a1+231]

2026-03-24 23:37:20,108 | INFO | Instagram: scrapeando post 23/120 -> https://www.instagram.com/cali_informa/reel/DWRE1YHkfOW/
2026-03-24 23:37:20,111 | WARNING | Error scrapeando post https://www.instagram.com/cali_informa/reel/DWRE1YHkfOW/: Message: invalid session id
Stacktrace:
	undetected_chromedriver!GetHandleVerifier [0xdecdf3+10b03]
	undetected_chromedriver!GetHandleVerifier [0xdecf24+10c34]
	undetected_chromedriver!(No symbol) [0xbd1f5e]
	undetected_chromedriver!(No symbol) [0xc0f4b7]
	undetected_chromedriver!(No symbol) [0xc3d9c6]
	undetected_chromedriver!(No symbol) [0xc38e42]
	undetected_chromedriver!(No symbol) [0xc38462]
	undetected_chromedriver!(No symbol) [0xba534e]
	undetected_chromedriver!(No symbol) [0xba58ee]
	undetected_chromedriver!(No symbol) [0xba5dcd]
	undetected_chromedriver!GetHandleVerifier [0x10548b9+2785c9]
	undetected_chromedriver!GetHandleVerifier [0x104feb5+273bc5]
	undetected_chromedriver!GetHandleVerifier [0x106e06b+291d7b]
	undetected_chromedriver!GetHandleVerifier [0xe05cc8+299d8]
	undetected_chromedriver!GetHandleVerifier [0xe0d9fd+3170d]
	undetected_chromedriver!(No symbol) [0xba4ee9]
	undetected_chromedriver!(No symbol) [0xba4530]
	undetected_chromedriver!GetHandleVerifier [0x11a2e9f+3c6baf]
	KERNEL32!BaseThreadInitThunk [0x76f75d49+19]
	ntdll!RtlInitializeExceptionChain [0x7722d81b+6b]
	ntdll!RtlGetAppContainerNamedObjectPath [0x7722d7a1+231]

2026-03-24 23:37:20,111 | INFO | Instagram: scrapeando post 24/120 -> https://www.instagram.com/cali_informa/p/DWRB9lglkfr/
2026-03-24 23:37:20,114 | WARNING | Error scrapeando post https://www.instagram.com/cali_informa/p/DWRB9lglkfr/: Message: invalid session id
Stacktrace:
	undetected_chromedriver!GetHandleVerifier [0xdecdf3+10b03]
	undetected_chromedriver!GetHandleVerifier [0xdecf24+10c34]
	undetected_chromedriver!(No symbol) [0xbd1f5e]
	undetected_chromedriver!(No symbol) [0xc0f4b7]
	undetected_chromedriver!(No symbol) [0xc3d9c6]
	undetected_chromedriver!(No symbol) [0xc38e42]
	undetected_chromedriver!(No symbol) [0xc38462]
	undetected_chromedriver!(No symbol) [0xba534e]
	undetected_chromedriver!(No symbol) [0xba58ee]
	undetected_chromedriver!(No symbol) [0xba5dcd]
	undetected_chromedriver!GetHandleVerifier [0x10548b9+2785c9]
	undetected_chromedriver!GetHandleVerifier [0x104feb5+273bc5]
	undetected_chromedriver!GetHandleVerifier [0x106e06b+291d7b]
	undetected_chromedriver!GetHandleVerifier [0xe05cc8+299d8]
	undetected_chromedriver!GetHandleVerifier [0xe0d9fd+3170d]
	undetected_chromedriver!(No symbol) [0xba4ee9]
	undetected_chromedriver!(No symbol) [0xba4530]
	undetected_chromedriver!GetHandleVerifier [0x11a2e9f+3c6baf]
	KERNEL32!BaseThreadInitThunk [0x76f75d49+19]
	ntdll!RtlInitializeExceptionChain [0x7722d81b+6b]
	ntdll!RtlGetAppContainerNamedObjectPath [0x7722d7a1+231]

2026-03-24 23:37:20,114 | INFO | Instagram: scrapeando post 25/120 -> https://www.instagram.com/enteratecali/p/DWSsrOrF6dy/
2026-03-24 23:37:20,115 | WARNING | Error scrapeando post https://www.instagram.com/enteratecali/p/DWSsrOrF6dy/: Message: invalid session id
Stacktrace:
	undetected_chromedriver!GetHandleVerifier [0xdecdf3+10b03]
	undetected_chromedriver!GetHandleVerifier [0xdecf24+10c34]
	undetected_chromedriver!(No symbol) [0xbd1f5e]
	undetected_chromedriver!(No symbol) [0xc0f4b7]
	undetected_chromedriver!(No symbol) [0xc3d9c6]
	undetected_chromedriver!(No symbol) [0xc38e42]
	undetected_chromedriver!(No symbol) [0xc38462]
	undetected_chromedriver!(No symbol) [0xba534e]
	undetected_chromedriver!(No symbol) [0xba58ee]
	undetected_chromedriver!(No symbol) [0xba5dcd]
	undetected_chromedriver!GetHandleVerifier [0x10548b9+2785c9]
	undetected_chromedriver!GetHandleVerifier [0x104feb5+273bc5]
	undetected_chromedriver!GetHandleVerifier [0x106e06b+291d7b]
	undetected_chromedriver!GetHandleVerifier [0xe05cc8+299d8]
	undetected_chromedriver!GetHandleVerifier [0xe0d9fd+3170d]
	undetected_chromedriver!(No symbol) [0xba4ee9]
	undetected_chromedriver!(No symbol) [0xba4530]
	undetected_chromedriver!GetHandleVerifier [0x11a2e9f+3c6baf]
	KERNEL32!BaseThreadInitThunk [0x76f75d49+19]
	ntdll!RtlInitializeExceptionChain [0x7722d81b+6b]
	ntdll!RtlGetAppContainerNamedObjectPath [0x7722d7a1+231]

2026-03-24 23:37:20,117 | INFO | Instagram: scrapeando post 26/120 -> https://www.instagram.com/enteratecali/p/DWSgALPij-E/
2026-03-24 23:37:20,119 | WARNING | Error scrapeando post https://www.instagram.com/enteratecali/p/DWSgALPij-E/: Message: invalid session id
Stacktrace:
	undetected_chromedriver!GetHandleVerifier [0xdecdf3+10b03]
	undetected_chromedriver!GetHandleVerifier [0xdecf24+10c34]
	undetected_chromedriver!(No symbol) [0xbd1f5e]
	undetected_chromedriver!(No symbol) [0xc0f4b7]
	undetected_chromedriver!(No symbol) [0xc3d9c6]
	undetected_chromedriver!(No symbol) [0xc38e42]
	undetected_chromedriver!(No symbol) [0xc38462]
	undetected_chromedriver!(No symbol) [0xba534e]
	undetected_chromedriver!(No symbol) [0xba58ee]
	undetected_chromedriver!(No symbol) [0xba5dcd]
	undetected_chromedriver!GetHandleVerifier [0x10548b9+2785c9]
	undetected_chromedriver!GetHandleVerifier [0x104feb5+273bc5]
	undetected_chromedriver!GetHandleVerifier [0x106e06b+291d7b]
	undetected_chromedriver!GetHandleVerifier [0xe05cc8+299d8]
	undetected_chromedriver!GetHandleVerifier [0xe0d9fd+3170d]
	undetected_chromedriver!(No symbol) [0xba4ee9]
	undetected_chromedriver!(No symbol) [0xba4530]
	undetected_chromedriver!GetHandleVerifier [0x11a2e9f+3c6baf]
	KERNEL32!BaseThreadInitThunk [0x76f75d49+19]
	ntdll!RtlInitializeExceptionChain [0x7722d81b+6b]
	ntdll!RtlGetAppContainerNamedObjectPath [0x7722d7a1+231]

2026-03-24 23:37:20,119 | INFO | Instagram: scrapeando post 27/120 -> https://www.instagram.com/enteratecali/p/DWSbWMzF01e/
2026-03-24 23:37:20,120 | WARNING | Error scrapeando post https://www.instagram.com/enteratecali/p/DWSbWMzF01e/: Message: invalid session id
Stacktrace:
	undetected_chromedriver!GetHandleVerifier [0xdecdf3+10b03]
	undetected_chromedriver!GetHandleVerifier [0xdecf24+10c34]
	undetected_chromedriver!(No symbol) [0xbd1f5e]
	undetected_chromedriver!(No symbol) [0xc0f4b7]
	undetected_chromedriver!(No symbol) [0xc3d9c6]
	undetected_chromedriver!(No symbol) [0xc38e42]
	undetected_chromedriver!(No symbol) [0xc38462]
	undetected_chromedriver!(No symbol) [0xba534e]
	undetected_chromedriver!(No symbol) [0xba58ee]
	undetected_chromedriver!(No symbol) [0xba5dcd]
	undetected_chromedriver!GetHandleVerifier [0x10548b9+2785c9]
	undetected_chromedriver!GetHandleVerifier [0x104feb5+273bc5]
	undetected_chromedriver!GetHandleVerifier [0x106e06b+291d7b]
	undetected_chromedriver!GetHandleVerifier [0xe05cc8+299d8]
	undetected_chromedriver!GetHandleVerifier [0xe0d9fd+3170d]
	undetected_chromedriver!(No symbol) [0xba4ee9]
	undetected_chromedriver!(No symbol) [0xba4530]
	undetected_chromedriver!GetHandleVerifier [0x11a2e9f+3c6baf]
	KERNEL32!BaseThreadInitThunk [0x76f75d49+19]
	ntdll!RtlInitializeExceptionChain [0x7722d81b+6b]
	ntdll!RtlGetAppContainerNamedObjectPath [0x7722d7a1+231]

2026-03-24 23:37:20,120 | INFO | Instagram: scrapeando post 28/120 -> https://www.instagram.com/enteratecali/p/DWSQ2BHl-r7/
2026-03-24 23:37:20,124 | WARNING | Error scrapeando post https://www.instagram.com/enteratecali/p/DWSQ2BHl-r7/: Message: invalid session id
Stacktrace:
	undetected_chromedriver!GetHandleVerifier [0xdecdf3+10b03]
	undetected_chromedriver!GetHandleVerifier [0xdecf24+10c34]
	undetected_chromedriver!(No symbol) [0xbd1f5e]
	undetected_chromedriver!(No symbol) [0xc0f4b7]
	undetected_chromedriver!(No symbol) [0xc3d9c6]
	undetected_chromedriver!(No symbol) [0xc38e42]
	undetected_chromedriver!(No symbol) [0xc38462]
	undetected_chromedriver!(No symbol) [0xba534e]
	undetected_chromedriver!(No symbol) [0xba58ee]
	undetected_chromedriver!(No symbol) [0xba5dcd]
	undetected_chromedriver!GetHandleVerifier [0x10548b9+2785c9]
	undetected_chromedriver!GetHandleVerifier [0x104feb5+273bc5]
	undetected_chromedriver!GetHandleVerifier [0x106e06b+291d7b]
	undetected_chromedriver!GetHandleVerifier [0xe05cc8+299d8]
	undetected_chromedriver!GetHandleVerifier [0xe0d9fd+3170d]
	undetected_chromedriver!(No symbol) [0xba4ee9]
	undetected_chromedriver!(No symbol) [0xba4530]
	undetected_chromedriver!GetHandleVerifier [0x11a2e9f+3c6baf]
	KERNEL32!BaseThreadInitThunk [0x76f75d49+19]
	ntdll!RtlInitializeExceptionChain [0x7722d81b+6b]
	ntdll!RtlGetAppContainerNamedObjectPath [0x7722d7a1+231]

2026-03-24 23:37:20,125 | INFO | Instagram: scrapeando post 29/120 -> https://www.instagram.com/enteratecali/p/DWSLpJkCc2H/
2026-03-24 23:37:20,127 | WARNING | Error scrapeando post https://www.instagram.com/enteratecali/p/DWSLpJkCc2H/: Message: invalid session id
Stacktrace:
	undetected_chromedriver!GetHandleVerifier [0xdecdf3+10b03]
	undetected_chromedriver!GetHandleVerifier [0xdecf24+10c34]
	undetected_chromedriver!(No symbol) [0xbd1f5e]
	undetected_chromedriver!(No symbol) [0xc0f4b7]
	undetected_chromedriver!(No symbol) [0xc3d9c6]
	undetected_chromedriver!(No symbol) [0xc38e42]
	undetected_chromedriver!(No symbol) [0xc38462]
	undetected_chromedriver!(No symbol) [0xba534e]
	undetected_chromedriver!(No symbol) [0xba58ee]
	undetected_chromedriver!(No symbol) [0xba5dcd]
	undetected_chromedriver!GetHandleVerifier [0x10548b9+2785c9]
	undetected_chromedriver!GetHandleVerifier [0x104feb5+273bc5]
	undetected_chromedriver!GetHandleVerifier [0x106e06b+291d7b]
	undetected_chromedriver!GetHandleVerifier [0xe05cc8+299d8]
	undetected_chromedriver!GetHandleVerifier [0xe0d9fd+3170d]
	undetected_chromedriver!(No symbol) [0xba4ee9]
	undetected_chromedriver!(No symbol) [0xba4530]
	undetected_chromedriver!GetHandleVerifier [0x11a2e9f+3c6baf]
	KERNEL32!BaseThreadInitThunk [0x76f75d49+19]
	ntdll!RtlInitializeExceptionChain [0x7722d81b+6b]
	ntdll!RtlGetAppContainerNamedObjectPath [0x7722d7a1+231]

2026-03-24 23:37:20,128 | INFO | Instagram: scrapeando post 30/120 -> https://www.instagram.com/enteratecali/reel/DWSHhBeiXz3/
2026-03-24 23:37:20,130 | WARNING | Error scrapeando post https://www.instagram.com/enteratecali/reel/DWSHhBeiXz3/: Message: invalid session id
Stacktrace:
	undetected_chromedriver!GetHandleVerifier [0xdecdf3+10b03]
	undetected_chromedriver!GetHandleVerifier [0xdecf24+10c34]
	undetected_chromedriver!(No symbol) [0xbd1f5e]
	undetected_chromedriver!(No symbol) [0xc0f4b7]
	undetected_chromedriver!(No symbol) [0xc3d9c6]
	undetected_chromedriver!(No symbol) [0xc38e42]
	undetected_chromedriver!(No symbol) [0xc38462]
	undetected_chromedriver!(No symbol) [0xba534e]
	undetected_chromedriver!(No symbol) [0xba58ee]
	undetected_chromedriver!(No symbol) [0xba5dcd]
	undetected_chromedriver!GetHandleVerifier [0x10548b9+2785c9]
	undetected_chromedriver!GetHandleVerifier [0x104feb5+273bc5]
	undetected_chromedriver!GetHandleVerifier [0x106e06b+291d7b]
	undetected_chromedriver!GetHandleVerifier [0xe05cc8+299d8]
	undetected_chromedriver!GetHandleVerifier [0xe0d9fd+3170d]
	undetected_chromedriver!(No symbol) [0xba4ee9]
	undetected_chromedriver!(No symbol) [0xba4530]
	undetected_chromedriver!GetHandleVerifier [0x11a2e9f+3c6baf]
	KERNEL32!BaseThreadInitThunk [0x76f75d49+19]
	ntdll!RtlInitializeExceptionChain [0x7722d81b+6b]
	ntdll!RtlGetAppContainerNamedObjectPath [0x7722d7a1+231]

2026-03-24 23:37:20,130 | INFO | Instagram: scrapeando post 31/120 -> https://www.instagram.com/enteratecali/p/DWSEcv6iahm/
2026-03-24 23:37:20,133 | WARNING | Error scrapeando post https://www.instagram.com/enteratecali/p/DWSEcv6iahm/: Message: invalid session id
Stacktrace:
	undetected_chromedriver!GetHandleVerifier [0xdecdf3+10b03]
	undetected_chromedriver!GetHandleVerifier [0xdecf24+10c34]
	undetected_chromedriver!(No symbol) [0xbd1f5e]
	undetected_chromedriver!(No symbol) [0xc0f4b7]
	undetected_chromedriver!(No symbol) [0xc3d9c6]
	undetected_chromedriver!(No symbol) [0xc38e42]
	undetected_chromedriver!(No symbol) [0xc38462]
	undetected_chromedriver!(No symbol) [0xba534e]
	undetected_chromedriver!(No symbol) [0xba58ee]
	undetected_chromedriver!(No symbol) [0xba5dcd]
	undetected_chromedriver!GetHandleVerifier [0x10548b9+2785c9]
	undetected_chromedriver!GetHandleVerifier [0x104feb5+273bc5]
	undetected_chromedriver!GetHandleVerifier [0x106e06b+291d7b]
	undetected_chromedriver!GetHandleVerifier [0xe05cc8+299d8]
	undetected_chromedriver!GetHandleVerifier [0xe0d9fd+3170d]
	undetected_chromedriver!(No symbol) [0xba4ee9]
	undetected_chromedriver!(No symbol) [0xba4530]
	undetected_chromedriver!GetHandleVerifier [0x11a2e9f+3c6baf]
	KERNEL32!BaseThreadInitThunk [0x76f75d49+19]
	ntdll!RtlInitializeExceptionChain [0x7722d81b+6b]
	ntdll!RtlGetAppContainerNamedObjectPath [0x7722d7a1+231]

2026-03-24 23:37:20,133 | INFO | Instagram: scrapeando post 32/120 -> https://www.instagram.com/enteratecali/p/DWR_ZYSiVsz/
2026-03-24 23:37:20,135 | WARNING | Error scrapeando post https://www.instagram.com/enteratecali/p/DWR_ZYSiVsz/: Message: invalid session id
Stacktrace:
	undetected_chromedriver!GetHandleVerifier [0xdecdf3+10b03]
	undetected_chromedriver!GetHandleVerifier [0xdecf24+10c34]
	undetected_chromedriver!(No symbol) [0xbd1f5e]
	undetected_chromedriver!(No symbol) [0xc0f4b7]
	undetected_chromedriver!(No symbol) [0xc3d9c6]
	undetected_chromedriver!(No symbol) [0xc38e42]
	undetected_chromedriver!(No symbol) [0xc38462]
	undetected_chromedriver!(No symbol) [0xba534e]
	undetected_chromedriver!(No symbol) [0xba58ee]
	undetected_chromedriver!(No symbol) [0xba5dcd]
	undetected_chromedriver!GetHandleVerifier [0x10548b9+2785c9]
	undetected_chromedriver!GetHandleVerifier [0x104feb5+273bc5]
	undetected_chromedriver!GetHandleVerifier [0x106e06b+291d7b]
	undetected_chromedriver!GetHandleVerifier [0xe05cc8+299d8]
	undetected_chromedriver!GetHandleVerifier [0xe0d9fd+3170d]
	undetected_chromedriver!(No symbol) [0xba4ee9]
	undetected_chromedriver!(No symbol) [0xba4530]
	undetected_chromedriver!GetHandleVerifier [0x11a2e9f+3c6baf]
	KERNEL32!BaseThreadInitThunk [0x76f75d49+19]
	ntdll!RtlInitializeExceptionChain [0x7722d81b+6b]
	ntdll!RtlGetAppContainerNamedObjectPath [0x7722d7a1+231]

2026-03-24 23:37:20,136 | INFO | Instagram: scrapeando post 33/120 -> https://www.instagram.com/enteratecali/p/DWR65WGCcVn/
2026-03-24 23:37:20,138 | WARNING | Error scrapeando post https://www.instagram.com/enteratecali/p/DWR65WGCcVn/: Message: invalid session id
Stacktrace:
	undetected_chromedriver!GetHandleVerifier [0xdecdf3+10b03]
	undetected_chromedriver!GetHandleVerifier [0xdecf24+10c34]
	undetected_chromedriver!(No symbol) [0xbd1f5e]
	undetected_chromedriver!(No symbol) [0xc0f4b7]
	undetected_chromedriver!(No symbol) [0xc3d9c6]
	undetected_chromedriver!(No symbol) [0xc38e42]
	undetected_chromedriver!(No symbol) [0xc38462]
	undetected_chromedriver!(No symbol) [0xba534e]
	undetected_chromedriver!(No symbol) [0xba58ee]
	undetected_chromedriver!(No symbol) [0xba5dcd]
	undetected_chromedriver!GetHandleVerifier [0x10548b9+2785c9]
	undetected_chromedriver!GetHandleVerifier [0x104feb5+273bc5]
	undetected_chromedriver!GetHandleVerifier [0x106e06b+291d7b]
	undetected_chromedriver!GetHandleVerifier [0xe05cc8+299d8]
	undetected_chromedriver!GetHandleVerifier [0xe0d9fd+3170d]
	undetected_chromedriver!(No symbol) [0xba4ee9]
	undetected_chromedriver!(No symbol) [0xba4530]
	undetected_chromedriver!GetHandleVerifier [0x11a2e9f+3c6baf]
	KERNEL32!BaseThreadInitThunk [0x76f75d49+19]
	ntdll!RtlInitializeExceptionChain [0x7722d81b+6b]
	ntdll!RtlGetAppContainerNamedObjectPath [0x7722d7a1+231]

2026-03-24 23:37:20,138 | INFO | Instagram: scrapeando post 34/120 -> https://www.instagram.com/enteratecali/p/DWR2VBECfJf/
2026-03-24 23:37:20,140 | WARNING | Error scrapeando post https://www.instagram.com/enteratecali/p/DWR2VBECfJf/: Message: invalid session id
Stacktrace:
	undetected_chromedriver!GetHandleVerifier [0xdecdf3+10b03]
	undetected_chromedriver!GetHandleVerifier [0xdecf24+10c34]
	undetected_chromedriver!(No symbol) [0xbd1f5e]
	undetected_chromedriver!(No symbol) [0xc0f4b7]
	undetected_chromedriver!(No symbol) [0xc3d9c6]
	undetected_chromedriver!(No symbol) [0xc38e42]
	undetected_chromedriver!(No symbol) [0xc38462]
	undetected_chromedriver!(No symbol) [0xba534e]
	undetected_chromedriver!(No symbol) [0xba58ee]
	undetected_chromedriver!(No symbol) [0xba5dcd]
	undetected_chromedriver!GetHandleVerifier [0x10548b9+2785c9]
	undetected_chromedriver!GetHandleVerifier [0x104feb5+273bc5]
	undetected_chromedriver!GetHandleVerifier [0x106e06b+291d7b]
	undetected_chromedriver!GetHandleVerifier [0xe05cc8+299d8]
	undetected_chromedriver!GetHandleVerifier [0xe0d9fd+3170d]
	undetected_chromedriver!(No symbol) [0xba4ee9]
	undetected_chromedriver!(No symbol) [0xba4530]
	undetected_chromedriver!GetHandleVerifier [0x11a2e9f+3c6baf]
	KERNEL32!BaseThreadInitThunk [0x76f75d49+19]
	ntdll!RtlInitializeExceptionChain [0x7722d81b+6b]
	ntdll!RtlGetAppContainerNamedObjectPath [0x7722d7a1+231]

2026-03-24 23:37:20,141 | INFO | Instagram: scrapeando post 35/120 -> https://www.instagram.com/enteratecali/p/DWRxUVdielr/
2026-03-24 23:37:20,143 | WARNING | Error scrapeando post https://www.instagram.com/enteratecali/p/DWRxUVdielr/: Message: invalid session id
Stacktrace:
	undetected_chromedriver!GetHandleVerifier [0xdecdf3+10b03]
	undetected_chromedriver!GetHandleVerifier [0xdecf24+10c34]
	undetected_chromedriver!(No symbol) [0xbd1f5e]
	undetected_chromedriver!(No symbol) [0xc0f4b7]
	undetected_chromedriver!(No symbol) [0xc3d9c6]
	undetected_chromedriver!(No symbol) [0xc38e42]
	undetected_chromedriver!(No symbol) [0xc38462]
	undetected_chromedriver!(No symbol) [0xba534e]
	undetected_chromedriver!(No symbol) [0xba58ee]
	undetected_chromedriver!(No symbol) [0xba5dcd]
	undetected_chromedriver!GetHandleVerifier [0x10548b9+2785c9]
	undetected_chromedriver!GetHandleVerifier [0x104feb5+273bc5]
	undetected_chromedriver!GetHandleVerifier [0x106e06b+291d7b]
	undetected_chromedriver!GetHandleVerifier [0xe05cc8+299d8]
	undetected_chromedriver!GetHandleVerifier [0xe0d9fd+3170d]
	undetected_chromedriver!(No symbol) [0xba4ee9]
	undetected_chromedriver!(No symbol) [0xba4530]
	undetected_chromedriver!GetHandleVerifier [0x11a2e9f+3c6baf]
	KERNEL32!BaseThreadInitThunk [0x76f75d49+19]
	ntdll!RtlInitializeExceptionChain [0x7722d81b+6b]
	ntdll!RtlGetAppContainerNamedObjectPath [0x7722d7a1+231]

2026-03-24 23:37:20,143 | INFO | Instagram: scrapeando post 36/120 -> https://www.instagram.com/enteratecali/p/DWRuAh2CRIi/
2026-03-24 23:37:20,145 | WARNING | Error scrapeando post https://www.instagram.com/enteratecali/p/DWRuAh2CRIi/: Message: invalid session id
Stacktrace:
	undetected_chromedriver!GetHandleVerifier [0xdecdf3+10b03]
	undetected_chromedriver!GetHandleVerifier [0xdecf24+10c34]
	undetected_chromedriver!(No symbol) [0xbd1f5e]
	undetected_chromedriver!(No symbol) [0xc0f4b7]
	undetected_chromedriver!(No symbol) [0xc3d9c6]
	undetected_chromedriver!(No symbol) [0xc38e42]
	undetected_chromedriver!(No symbol) [0xc38462]
	undetected_chromedriver!(No symbol) [0xba534e]
	undetected_chromedriver!(No symbol) [0xba58ee]
	undetected_chromedriver!(No symbol) [0xba5dcd]
	undetected_chromedriver!GetHandleVerifier [0x10548b9+2785c9]
	undetected_chromedriver!GetHandleVerifier [0x104feb5+273bc5]
	undetected_chromedriver!GetHandleVerifier [0x106e06b+291d7b]
	undetected_chromedriver!GetHandleVerifier [0xe05cc8+299d8]
	undetected_chromedriver!GetHandleVerifier [0xe0d9fd+3170d]
	undetected_chromedriver!(No symbol) [0xba4ee9]
	undetected_chromedriver!(No symbol) [0xba4530]
	undetected_chromedriver!GetHandleVerifier [0x11a2e9f+3c6baf]
	KERNEL32!BaseThreadInitThunk [0x76f75d49+19]
	ntdll!RtlInitializeExceptionChain [0x7722d81b+6b]
	ntdll!RtlGetAppContainerNamedObjectPath [0x7722d7a1+231]

2026-03-24 23:37:20,145 | INFO | Instagram: scrapeando post 37/120 -> https://www.instagram.com/ultimahoracalioficial/p/DWShWHwkZ84/
2026-03-24 23:37:20,148 | WARNING | Error scrapeando post https://www.instagram.com/ultimahoracalioficial/p/DWShWHwkZ84/: Message: invalid session id
Stacktrace:
	undetected_chromedriver!GetHandleVerifier [0xdecdf3+10b03]
	undetected_chromedriver!GetHandleVerifier [0xdecf24+10c34]
	undetected_chromedriver!(No symbol) [0xbd1f5e]
	undetected_chromedriver!(No symbol) [0xc0f4b7]
	undetected_chromedriver!(No symbol) [0xc3d9c6]
	undetected_chromedriver!(No symbol) [0xc38e42]
	undetected_chromedriver!(No symbol) [0xc38462]
	undetected_chromedriver!(No symbol) [0xba534e]
	undetected_chromedriver!(No symbol) [0xba58ee]
	undetected_chromedriver!(No symbol) [0xba5dcd]
	undetected_chromedriver!GetHandleVerifier [0x10548b9+2785c9]
	undetected_chromedriver!GetHandleVerifier [0x104feb5+273bc5]
	undetected_chromedriver!GetHandleVerifier [0x106e06b+291d7b]
	undetected_chromedriver!GetHandleVerifier [0xe05cc8+299d8]
	undetected_chromedriver!GetHandleVerifier [0xe0d9fd+3170d]
	undetected_chromedriver!(No symbol) [0xba4ee9]
	undetected_chromedriver!(No symbol) [0xba4530]
	undetected_chromedriver!GetHandleVerifier [0x11a2e9f+3c6baf]
	KERNEL32!BaseThreadInitThunk [0x76f75d49+19]
	ntdll!RtlInitializeExceptionChain [0x7722d81b+6b]
	ntdll!RtlGetAppContainerNamedObjectPath [0x7722d7a1+231]

2026-03-24 23:37:20,148 | INFO | Instagram: scrapeando post 38/120 -> https://www.instagram.com/ultimahoracalioficial/p/DWSOswrkX3p/
2026-03-24 23:37:20,151 | WARNING | Error scrapeando post https://www.instagram.com/ultimahoracalioficial/p/DWSOswrkX3p/: Message: invalid session id
Stacktrace:
	undetected_chromedriver!GetHandleVerifier [0xdecdf3+10b03]
	undetected_chromedriver!GetHandleVerifier [0xdecf24+10c34]
	undetected_chromedriver!(No symbol) [0xbd1f5e]
	undetected_chromedriver!(No symbol) [0xc0f4b7]
	undetected_chromedriver!(No symbol) [0xc3d9c6]
	undetected_chromedriver!(No symbol) [0xc38e42]
	undetected_chromedriver!(No symbol) [0xc38462]
	undetected_chromedriver!(No symbol) [0xba534e]
	undetected_chromedriver!(No symbol) [0xba58ee]
	undetected_chromedriver!(No symbol) [0xba5dcd]
	undetected_chromedriver!GetHandleVerifier [0x10548b9+2785c9]
	undetected_chromedriver!GetHandleVerifier [0x104feb5+273bc5]
	undetected_chromedriver!GetHandleVerifier [0x106e06b+291d7b]
	undetected_chromedriver!GetHandleVerifier [0xe05cc8+299d8]
	undetected_chromedriver!GetHandleVerifier [0xe0d9fd+3170d]
	undetected_chromedriver!(No symbol) [0xba4ee9]
	undetected_chromedriver!(No symbol) [0xba4530]
	undetected_chromedriver!GetHandleVerifier [0x11a2e9f+3c6baf]
	KERNEL32!BaseThreadInitThunk [0x76f75d49+19]
	ntdll!RtlInitializeExceptionChain [0x7722d81b+6b]
	ntdll!RtlGetAppContainerNamedObjectPath [0x7722d7a1+231]

2026-03-24 23:37:20,151 | INFO | Instagram: scrapeando post 39/120 -> https://www.instagram.com/ultimahoracalioficial/p/DWSGr5nkYzv/
2026-03-24 23:37:20,154 | WARNING | Error scrapeando post https://www.instagram.com/ultimahoracalioficial/p/DWSGr5nkYzv/: Message: invalid session id
Stacktrace:
	undetected_chromedriver!GetHandleVerifier [0xdecdf3+10b03]
	undetected_chromedriver!GetHandleVerifier [0xdecf24+10c34]
	undetected_chromedriver!(No symbol) [0xbd1f5e]
	undetected_chromedriver!(No symbol) [0xc0f4b7]
	undetected_chromedriver!(No symbol) [0xc3d9c6]
	undetected_chromedriver!(No symbol) [0xc38e42]
	undetected_chromedriver!(No symbol) [0xc38462]
	undetected_chromedriver!(No symbol) [0xba534e]
	undetected_chromedriver!(No symbol) [0xba58ee]
	undetected_chromedriver!(No symbol) [0xba5dcd]
	undetected_chromedriver!GetHandleVerifier [0x10548b9+2785c9]
	undetected_chromedriver!GetHandleVerifier [0x104feb5+273bc5]
	undetected_chromedriver!GetHandleVerifier [0x106e06b+291d7b]
	undetected_chromedriver!GetHandleVerifier [0xe05cc8+299d8]
	undetected_chromedriver!GetHandleVerifier [0xe0d9fd+3170d]
	undetected_chromedriver!(No symbol) [0xba4ee9]
	undetected_chromedriver!(No symbol) [0xba4530]
	undetected_chromedriver!GetHandleVerifier [0x11a2e9f+3c6baf]
	KERNEL32!BaseThreadInitThunk [0x76f75d49+19]
	ntdll!RtlInitializeExceptionChain [0x7722d81b+6b]
	ntdll!RtlGetAppContainerNamedObjectPath [0x7722d7a1+231]

2026-03-24 23:37:20,154 | INFO | Instagram: scrapeando post 40/120 -> https://www.instagram.com/ultimahoracalioficial/p/DWSGb_skZqw/
2026-03-24 23:37:20,156 | WARNING | Error scrapeando post https://www.instagram.com/ultimahoracalioficial/p/DWSGb_skZqw/: Message: invalid session id
Stacktrace:
	undetected_chromedriver!GetHandleVerifier [0xdecdf3+10b03]
	undetected_chromedriver!GetHandleVerifier [0xdecf24+10c34]
	undetected_chromedriver!(No symbol) [0xbd1f5e]
	undetected_chromedriver!(No symbol) [0xc0f4b7]
	undetected_chromedriver!(No symbol) [0xc3d9c6]
	undetected_chromedriver!(No symbol) [0xc38e42]
	undetected_chromedriver!(No symbol) [0xc38462]
	undetected_chromedriver!(No symbol) [0xba534e]
	undetected_chromedriver!(No symbol) [0xba58ee]
	undetected_chromedriver!(No symbol) [0xba5dcd]
	undetected_chromedriver!GetHandleVerifier [0x10548b9+2785c9]
	undetected_chromedriver!GetHandleVerifier [0x104feb5+273bc5]
	undetected_chromedriver!GetHandleVerifier [0x106e06b+291d7b]
	undetected_chromedriver!GetHandleVerifier [0xe05cc8+299d8]
	undetected_chromedriver!GetHandleVerifier [0xe0d9fd+3170d]
	undetected_chromedriver!(No symbol) [0xba4ee9]
	undetected_chromedriver!(No symbol) [0xba4530]
	undetected_chromedriver!GetHandleVerifier [0x11a2e9f+3c6baf]
	KERNEL32!BaseThreadInitThunk [0x76f75d49+19]
	ntdll!RtlInitializeExceptionChain [0x7722d81b+6b]
	ntdll!RtlGetAppContainerNamedObjectPath [0x7722d7a1+231]

2026-03-24 23:37:20,156 | INFO | Instagram: scrapeando post 41/120 -> https://www.instagram.com/ultimahoracalioficial/p/DWSEHR9kb-S/
2026-03-24 23:37:20,158 | WARNING | Error scrapeando post https://www.instagram.com/ultimahoracalioficial/p/DWSEHR9kb-S/: Message: invalid session id
Stacktrace:
	undetected_chromedriver!GetHandleVerifier [0xdecdf3+10b03]
	undetected_chromedriver!GetHandleVerifier [0xdecf24+10c34]
	undetected_chromedriver!(No symbol) [0xbd1f5e]
	undetected_chromedriver!(No symbol) [0xc0f4b7]
	undetected_chromedriver!(No symbol) [0xc3d9c6]
	undetected_chromedriver!(No symbol) [0xc38e42]
	undetected_chromedriver!(No symbol) [0xc38462]
	undetected_chromedriver!(No symbol) [0xba534e]
	undetected_chromedriver!(No symbol) [0xba58ee]
	undetected_chromedriver!(No symbol) [0xba5dcd]
	undetected_chromedriver!GetHandleVerifier [0x10548b9+2785c9]
	undetected_chromedriver!GetHandleVerifier [0x104feb5+273bc5]
	undetected_chromedriver!GetHandleVerifier [0x106e06b+291d7b]
	undetected_chromedriver!GetHandleVerifier [0xe05cc8+299d8]
	undetected_chromedriver!GetHandleVerifier [0xe0d9fd+3170d]
	undetected_chromedriver!(No symbol) [0xba4ee9]
	undetected_chromedriver!(No symbol) [0xba4530]
	undetected_chromedriver!GetHandleVerifier [0x11a2e9f+3c6baf]
	KERNEL32!BaseThreadInitThunk [0x76f75d49+19]
	ntdll!RtlInitializeExceptionChain [0x7722d81b+6b]
	ntdll!RtlGetAppContainerNamedObjectPath [0x7722d7a1+231]

2026-03-24 23:37:20,158 | INFO | Instagram: scrapeando post 42/120 -> https://www.instagram.com/ultimahoracalioficial/p/DWSD-hskacV/
2026-03-24 23:37:20,161 | WARNING | Error scrapeando post https://www.instagram.com/ultimahoracalioficial/p/DWSD-hskacV/: Message: invalid session id
Stacktrace:
	undetected_chromedriver!GetHandleVerifier [0xdecdf3+10b03]
	undetected_chromedriver!GetHandleVerifier [0xdecf24+10c34]
	undetected_chromedriver!(No symbol) [0xbd1f5e]
	undetected_chromedriver!(No symbol) [0xc0f4b7]
	undetected_chromedriver!(No symbol) [0xc3d9c6]
	undetected_chromedriver!(No symbol) [0xc38e42]
	undetected_chromedriver!(No symbol) [0xc38462]
	undetected_chromedriver!(No symbol) [0xba534e]
	undetected_chromedriver!(No symbol) [0xba58ee]
	undetected_chromedriver!(No symbol) [0xba5dcd]
	undetected_chromedriver!GetHandleVerifier [0x10548b9+2785c9]
	undetected_chromedriver!GetHandleVerifier [0x104feb5+273bc5]
	undetected_chromedriver!GetHandleVerifier [0x106e06b+291d7b]
	undetected_chromedriver!GetHandleVerifier [0xe05cc8+299d8]
	undetected_chromedriver!GetHandleVerifier [0xe0d9fd+3170d]
	undetected_chromedriver!(No symbol) [0xba4ee9]
	undetected_chromedriver!(No symbol) [0xba4530]
	undetected_chromedriver!GetHandleVerifier [0x11a2e9f+3c6baf]
	KERNEL32!BaseThreadInitThunk [0x76f75d49+19]
	ntdll!RtlInitializeExceptionChain [0x7722d81b+6b]
	ntdll!RtlGetAppContainerNamedObjectPath [0x7722d7a1+231]

2026-03-24 23:37:20,161 | INFO | Instagram: scrapeando post 43/120 -> https://www.instagram.com/ultimahoracalioficial/p/DWRlbihkWMN/
2026-03-24 23:37:20,163 | WARNING | Error scrapeando post https://www.instagram.com/ultimahoracalioficial/p/DWRlbihkWMN/: Message: invalid session id
Stacktrace:
	undetected_chromedriver!GetHandleVerifier [0xdecdf3+10b03]
	undetected_chromedriver!GetHandleVerifier [0xdecf24+10c34]
	undetected_chromedriver!(No symbol) [0xbd1f5e]
	undetected_chromedriver!(No symbol) [0xc0f4b7]
	undetected_chromedriver!(No symbol) [0xc3d9c6]
	undetected_chromedriver!(No symbol) [0xc38e42]
	undetected_chromedriver!(No symbol) [0xc38462]
	undetected_chromedriver!(No symbol) [0xba534e]
	undetected_chromedriver!(No symbol) [0xba58ee]
	undetected_chromedriver!(No symbol) [0xba5dcd]
	undetected_chromedriver!GetHandleVerifier [0x10548b9+2785c9]
	undetected_chromedriver!GetHandleVerifier [0x104feb5+273bc5]
	undetected_chromedriver!GetHandleVerifier [0x106e06b+291d7b]
	undetected_chromedriver!GetHandleVerifier [0xe05cc8+299d8]
	undetected_chromedriver!GetHandleVerifier [0xe0d9fd+3170d]
	undetected_chromedriver!(No symbol) [0xba4ee9]
	undetected_chromedriver!(No symbol) [0xba4530]
	undetected_chromedriver!GetHandleVerifier [0x11a2e9f+3c6baf]
	KERNEL32!BaseThreadInitThunk [0x76f75d49+19]
	ntdll!RtlInitializeExceptionChain [0x7722d81b+6b]
	ntdll!RtlGetAppContainerNamedObjectPath [0x7722d7a1+231]

2026-03-24 23:37:20,163 | INFO | Instagram: scrapeando post 44/120 -> https://www.instagram.com/ultimahoracalioficial/reel/DWRixUgEbpC/
2026-03-24 23:37:20,166 | WARNING | Error scrapeando post https://www.instagram.com/ultimahoracalioficial/reel/DWRixUgEbpC/: Message: invalid session id
Stacktrace:
	undetected_chromedriver!GetHandleVerifier [0xdecdf3+10b03]
	undetected_chromedriver!GetHandleVerifier [0xdecf24+10c34]
	undetected_chromedriver!(No symbol) [0xbd1f5e]
	undetected_chromedriver!(No symbol) [0xc0f4b7]
	undetected_chromedriver!(No symbol) [0xc3d9c6]
	undetected_chromedriver!(No symbol) [0xc38e42]
	undetected_chromedriver!(No symbol) [0xc38462]
	undetected_chromedriver!(No symbol) [0xba534e]
	undetected_chromedriver!(No symbol) [0xba58ee]
	undetected_chromedriver!(No symbol) [0xba5dcd]
	undetected_chromedriver!GetHandleVerifier [0x10548b9+2785c9]
	undetected_chromedriver!GetHandleVerifier [0x104feb5+273bc5]
	undetected_chromedriver!GetHandleVerifier [0x106e06b+291d7b]
	undetected_chromedriver!GetHandleVerifier [0xe05cc8+299d8]
	undetected_chromedriver!GetHandleVerifier [0xe0d9fd+3170d]
	undetected_chromedriver!(No symbol) [0xba4ee9]
	undetected_chromedriver!(No symbol) [0xba4530]
	undetected_chromedriver!GetHandleVerifier [0x11a2e9f+3c6baf]
	KERNEL32!BaseThreadInitThunk [0x76f75d49+19]
	ntdll!RtlInitializeExceptionChain [0x7722d81b+6b]
	ntdll!RtlGetAppContainerNamedObjectPath [0x7722d7a1+231]

2026-03-24 23:37:20,166 | INFO | Instagram: scrapeando post 45/120 -> https://www.instagram.com/ultimahoracalioficial/p/DWRNj0sF6DW/
2026-03-24 23:37:20,167 | WARNING | Error scrapeando post https://www.instagram.com/ultimahoracalioficial/p/DWRNj0sF6DW/: Message: invalid session id
Stacktrace:
	undetected_chromedriver!GetHandleVerifier [0xdecdf3+10b03]
	undetected_chromedriver!GetHandleVerifier [0xdecf24+10c34]
	undetected_chromedriver!(No symbol) [0xbd1f5e]
	undetected_chromedriver!(No symbol) [0xc0f4b7]
	undetected_chromedriver!(No symbol) [0xc3d9c6]
	undetected_chromedriver!(No symbol) [0xc38e42]
	undetected_chromedriver!(No symbol) [0xc38462]
	undetected_chromedriver!(No symbol) [0xba534e]
	undetected_chromedriver!(No symbol) [0xba58ee]
	undetected_chromedriver!(No symbol) [0xba5dcd]
	undetected_chromedriver!GetHandleVerifier [0x10548b9+2785c9]
	undetected_chromedriver!GetHandleVerifier [0x104feb5+273bc5]
	undetected_chromedriver!GetHandleVerifier [0x106e06b+291d7b]
	undetected_chromedriver!GetHandleVerifier [0xe05cc8+299d8]
	undetected_chromedriver!GetHandleVerifier [0xe0d9fd+3170d]
	undetected_chromedriver!(No symbol) [0xba4ee9]
	undetected_chromedriver!(No symbol) [0xba4530]
	undetected_chromedriver!GetHandleVerifier [0x11a2e9f+3c6baf]
	KERNEL32!BaseThreadInitThunk [0x76f75d49+19]
	ntdll!RtlInitializeExceptionChain [0x7722d81b+6b]
	ntdll!RtlGetAppContainerNamedObjectPath [0x7722d7a1+231]

2026-03-24 23:37:20,168 | INFO | Instagram: scrapeando post 46/120 -> https://www.instagram.com/ultimahoracalioficial/reel/DWP5YWPEbv2/
2026-03-24 23:37:20,169 | WARNING | Error scrapeando post https://www.instagram.com/ultimahoracalioficial/reel/DWP5YWPEbv2/: Message: invalid session id
Stacktrace:
	undetected_chromedriver!GetHandleVerifier [0xdecdf3+10b03]
	undetected_chromedriver!GetHandleVerifier [0xdecf24+10c34]
	undetected_chromedriver!(No symbol) [0xbd1f5e]
	undetected_chromedriver!(No symbol) [0xc0f4b7]
	undetected_chromedriver!(No symbol) [0xc3d9c6]
	undetected_chromedriver!(No symbol) [0xc38e42]
	undetected_chromedriver!(No symbol) [0xc38462]
	undetected_chromedriver!(No symbol) [0xba534e]
	undetected_chromedriver!(No symbol) [0xba58ee]
	undetected_chromedriver!(No symbol) [0xba5dcd]
	undetected_chromedriver!GetHandleVerifier [0x10548b9+2785c9]
	undetected_chromedriver!GetHandleVerifier [0x104feb5+273bc5]
	undetected_chromedriver!GetHandleVerifier [0x106e06b+291d7b]
	undetected_chromedriver!GetHandleVerifier [0xe05cc8+299d8]
	undetected_chromedriver!GetHandleVerifier [0xe0d9fd+3170d]
	undetected_chromedriver!(No symbol) [0xba4ee9]
	undetected_chromedriver!(No symbol) [0xba4530]
	undetected_chromedriver!GetHandleVerifier [0x11a2e9f+3c6baf]
	KERNEL32!BaseThreadInitThunk [0x76f75d49+19]
	ntdll!RtlInitializeExceptionChain [0x7722d81b+6b]
	ntdll!RtlGetAppContainerNamedObjectPath [0x7722d7a1+231]

2026-03-24 23:37:20,170 | INFO | Instagram: scrapeando post 47/120 -> https://www.instagram.com/ultimahoracalioficial/reel/DWPX83nkdls/
2026-03-24 23:37:20,172 | WARNING | Error scrapeando post https://www.instagram.com/ultimahoracalioficial/reel/DWPX83nkdls/: Message: invalid session id
Stacktrace:
	undetected_chromedriver!GetHandleVerifier [0xdecdf3+10b03]
	undetected_chromedriver!GetHandleVerifier [0xdecf24+10c34]
	undetected_chromedriver!(No symbol) [0xbd1f5e]
	undetected_chromedriver!(No symbol) [0xc0f4b7]
	undetected_chromedriver!(No symbol) [0xc3d9c6]
	undetected_chromedriver!(No symbol) [0xc38e42]
	undetected_chromedriver!(No symbol) [0xc38462]
	undetected_chromedriver!(No symbol) [0xba534e]
	undetected_chromedriver!(No symbol) [0xba58ee]
	undetected_chromedriver!(No symbol) [0xba5dcd]
	undetected_chromedriver!GetHandleVerifier [0x10548b9+2785c9]
	undetected_chromedriver!GetHandleVerifier [0x104feb5+273bc5]
	undetected_chromedriver!GetHandleVerifier [0x106e06b+291d7b]
	undetected_chromedriver!GetHandleVerifier [0xe05cc8+299d8]
	undetected_chromedriver!GetHandleVerifier [0xe0d9fd+3170d]
	undetected_chromedriver!(No symbol) [0xba4ee9]
	undetected_chromedriver!(No symbol) [0xba4530]
	undetected_chromedriver!GetHandleVerifier [0x11a2e9f+3c6baf]
	KERNEL32!BaseThreadInitThunk [0x76f75d49+19]
	ntdll!RtlInitializeExceptionChain [0x7722d81b+6b]
	ntdll!RtlGetAppContainerNamedObjectPath [0x7722d7a1+231]

2026-03-24 23:37:20,173 | INFO | Instagram: scrapeando post 48/120 -> https://www.instagram.com/ultimahoracalioficial/p/DWPUjMwke__/
2026-03-24 23:37:20,174 | WARNING | Error scrapeando post https://www.instagram.com/ultimahoracalioficial/p/DWPUjMwke__/: Message: invalid session id
Stacktrace:
	undetected_chromedriver!GetHandleVerifier [0xdecdf3+10b03]
	undetected_chromedriver!GetHandleVerifier [0xdecf24+10c34]
	undetected_chromedriver!(No symbol) [0xbd1f5e]
	undetected_chromedriver!(No symbol) [0xc0f4b7]
	undetected_chromedriver!(No symbol) [0xc3d9c6]
	undetected_chromedriver!(No symbol) [0xc38e42]
	undetected_chromedriver!(No symbol) [0xc38462]
	undetected_chromedriver!(No symbol) [0xba534e]
	undetected_chromedriver!(No symbol) [0xba58ee]
	undetected_chromedriver!(No symbol) [0xba5dcd]
	undetected_chromedriver!GetHandleVerifier [0x10548b9+2785c9]
	undetected_chromedriver!GetHandleVerifier [0x104feb5+273bc5]
	undetected_chromedriver!GetHandleVerifier [0x106e06b+291d7b]
	undetected_chromedriver!GetHandleVerifier [0xe05cc8+299d8]
	undetected_chromedriver!GetHandleVerifier [0xe0d9fd+3170d]
	undetected_chromedriver!(No symbol) [0xba4ee9]
	undetected_chromedriver!(No symbol) [0xba4530]
	undetected_chromedriver!GetHandleVerifier [0x11a2e9f+3c6baf]
	KERNEL32!BaseThreadInitThunk [0x76f75d49+19]
	ntdll!RtlInitializeExceptionChain [0x7722d81b+6b]
	ntdll!RtlGetAppContainerNamedObjectPath [0x7722d7a1+231]

2026-03-24 23:37:20,175 | INFO | Instagram: scrapeando post 49/120 -> https://www.instagram.com/elcalenoviral/p/DWSG8Srj7_K/
2026-03-24 23:37:20,176 | WARNING | Error scrapeando post https://www.instagram.com/elcalenoviral/p/DWSG8Srj7_K/: Message: invalid session id
Stacktrace:
	undetected_chromedriver!GetHandleVerifier [0xdecdf3+10b03]
	undetected_chromedriver!GetHandleVerifier [0xdecf24+10c34]
	undetected_chromedriver!(No symbol) [0xbd1f5e]
	undetected_chromedriver!(No symbol) [0xc0f4b7]
	undetected_chromedriver!(No symbol) [0xc3d9c6]
	undetected_chromedriver!(No symbol) [0xc38e42]
	undetected_chromedriver!(No symbol) [0xc38462]
	undetected_chromedriver!(No symbol) [0xba534e]
	undetected_chromedriver!(No symbol) [0xba58ee]
	undetected_chromedriver!(No symbol) [0xba5dcd]
	undetected_chromedriver!GetHandleVerifier [0x10548b9+2785c9]
	undetected_chromedriver!GetHandleVerifier [0x104feb5+273bc5]
	undetected_chromedriver!GetHandleVerifier [0x106e06b+291d7b]
	undetected_chromedriver!GetHandleVerifier [0xe05cc8+299d8]
	undetected_chromedriver!GetHandleVerifier [0xe0d9fd+3170d]
	undetected_chromedriver!(No symbol) [0xba4ee9]
	undetected_chromedriver!(No symbol) [0xba4530]
	undetected_chromedriver!GetHandleVerifier [0x11a2e9f+3c6baf]
	KERNEL32!BaseThreadInitThunk [0x76f75d49+19]
	ntdll!RtlInitializeExceptionChain [0x7722d81b+6b]
	ntdll!RtlGetAppContainerNamedObjectPath [0x7722d7a1+231]

2026-03-24 23:37:20,176 | INFO | Instagram: scrapeando post 50/120 -> https://www.instagram.com/elcalenoviral/reel/DWSErEPD4GW/
2026-03-24 23:37:20,181 | WARNING | Error scrapeando post https://www.instagram.com/elcalenoviral/reel/DWSErEPD4GW/: Message: invalid session id
Stacktrace:
	undetected_chromedriver!GetHandleVerifier [0xdecdf3+10b03]
	undetected_chromedriver!GetHandleVerifier [0xdecf24+10c34]
	undetected_chromedriver!(No symbol) [0xbd1f5e]
	undetected_chromedriver!(No symbol) [0xc0f4b7]
	undetected_chromedriver!(No symbol) [0xc3d9c6]
	undetected_chromedriver!(No symbol) [0xc38e42]
	undetected_chromedriver!(No symbol) [0xc38462]
	undetected_chromedriver!(No symbol) [0xba534e]
	undetected_chromedriver!(No symbol) [0xba58ee]
	undetected_chromedriver!(No symbol) [0xba5dcd]
	undetected_chromedriver!GetHandleVerifier [0x10548b9+2785c9]
	undetected_chromedriver!GetHandleVerifier [0x104feb5+273bc5]
	undetected_chromedriver!GetHandleVerifier [0x106e06b+291d7b]
	undetected_chromedriver!GetHandleVerifier [0xe05cc8+299d8]
	undetected_chromedriver!GetHandleVerifier [0xe0d9fd+3170d]
	undetected_chromedriver!(No symbol) [0xba4ee9]
	undetected_chromedriver!(No symbol) [0xba4530]
	undetected_chromedriver!GetHandleVerifier [0x11a2e9f+3c6baf]
	KERNEL32!BaseThreadInitThunk [0x76f75d49+19]
	ntdll!RtlInitializeExceptionChain [0x7722d81b+6b]
	ntdll!RtlGetAppContainerNamedObjectPath [0x7722d7a1+231]

2026-03-24 23:37:20,181 | INFO | Instagram: scrapeando post 51/120 -> https://www.instagram.com/elcalenoviral/p/DWSDuK9j1T9/
2026-03-24 23:37:20,183 | WARNING | Error scrapeando post https://www.instagram.com/elcalenoviral/p/DWSDuK9j1T9/: Message: invalid session id
Stacktrace:
	undetected_chromedriver!GetHandleVerifier [0xdecdf3+10b03]
	undetected_chromedriver!GetHandleVerifier [0xdecf24+10c34]
	undetected_chromedriver!(No symbol) [0xbd1f5e]
	undetected_chromedriver!(No symbol) [0xc0f4b7]
	undetected_chromedriver!(No symbol) [0xc3d9c6]
	undetected_chromedriver!(No symbol) [0xc38e42]
	undetected_chromedriver!(No symbol) [0xc38462]
	undetected_chromedriver!(No symbol) [0xba534e]
	undetected_chromedriver!(No symbol) [0xba58ee]
	undetected_chromedriver!(No symbol) [0xba5dcd]
	undetected_chromedriver!GetHandleVerifier [0x10548b9+2785c9]
	undetected_chromedriver!GetHandleVerifier [0x104feb5+273bc5]
	undetected_chromedriver!GetHandleVerifier [0x106e06b+291d7b]
	undetected_chromedriver!GetHandleVerifier [0xe05cc8+299d8]
	undetected_chromedriver!GetHandleVerifier [0xe0d9fd+3170d]
	undetected_chromedriver!(No symbol) [0xba4ee9]
	undetected_chromedriver!(No symbol) [0xba4530]
	undetected_chromedriver!GetHandleVerifier [0x11a2e9f+3c6baf]
	KERNEL32!BaseThreadInitThunk [0x76f75d49+19]
	ntdll!RtlInitializeExceptionChain [0x7722d81b+6b]
	ntdll!RtlGetAppContainerNamedObjectPath [0x7722d7a1+231]

2026-03-24 23:37:20,184 | INFO | Instagram: scrapeando post 52/120 -> https://www.instagram.com/elcalenoviral/reel/DWSCcHyjyUf/
2026-03-24 23:37:20,187 | WARNING | Error scrapeando post https://www.instagram.com/elcalenoviral/reel/DWSCcHyjyUf/: Message: invalid session id
Stacktrace:
	undetected_chromedriver!GetHandleVerifier [0xdecdf3+10b03]
	undetected_chromedriver!GetHandleVerifier [0xdecf24+10c34]
	undetected_chromedriver!(No symbol) [0xbd1f5e]
	undetected_chromedriver!(No symbol) [0xc0f4b7]
	undetected_chromedriver!(No symbol) [0xc3d9c6]
	undetected_chromedriver!(No symbol) [0xc38e42]
	undetected_chromedriver!(No symbol) [0xc38462]
	undetected_chromedriver!(No symbol) [0xba534e]
	undetected_chromedriver!(No symbol) [0xba58ee]
	undetected_chromedriver!(No symbol) [0xba5dcd]
	undetected_chromedriver!GetHandleVerifier [0x10548b9+2785c9]
	undetected_chromedriver!GetHandleVerifier [0x104feb5+273bc5]
	undetected_chromedriver!GetHandleVerifier [0x106e06b+291d7b]
	undetected_chromedriver!GetHandleVerifier [0xe05cc8+299d8]
	undetected_chromedriver!GetHandleVerifier [0xe0d9fd+3170d]
	undetected_chromedriver!(No symbol) [0xba4ee9]
	undetected_chromedriver!(No symbol) [0xba4530]
	undetected_chromedriver!GetHandleVerifier [0x11a2e9f+3c6baf]
	KERNEL32!BaseThreadInitThunk [0x76f75d49+19]
	ntdll!RtlInitializeExceptionChain [0x7722d81b+6b]
	ntdll!RtlGetAppContainerNamedObjectPath [0x7722d7a1+231]

2026-03-24 23:37:20,187 | INFO | Instagram: scrapeando post 53/120 -> https://www.instagram.com/elcalenoviral/p/DWSB4p7lCrG/
2026-03-24 23:37:20,189 | WARNING | Error scrapeando post https://www.instagram.com/elcalenoviral/p/DWSB4p7lCrG/: Message: invalid session id
Stacktrace:
	undetected_chromedriver!GetHandleVerifier [0xdecdf3+10b03]
	undetected_chromedriver!GetHandleVerifier [0xdecf24+10c34]
	undetected_chromedriver!(No symbol) [0xbd1f5e]
	undetected_chromedriver!(No symbol) [0xc0f4b7]
	undetected_chromedriver!(No symbol) [0xc3d9c6]
	undetected_chromedriver!(No symbol) [0xc38e42]
	undetected_chromedriver!(No symbol) [0xc38462]
	undetected_chromedriver!(No symbol) [0xba534e]
	undetected_chromedriver!(No symbol) [0xba58ee]
	undetected_chromedriver!(No symbol) [0xba5dcd]
	undetected_chromedriver!GetHandleVerifier [0x10548b9+2785c9]
	undetected_chromedriver!GetHandleVerifier [0x104feb5+273bc5]
	undetected_chromedriver!GetHandleVerifier [0x106e06b+291d7b]
	undetected_chromedriver!GetHandleVerifier [0xe05cc8+299d8]
	undetected_chromedriver!GetHandleVerifier [0xe0d9fd+3170d]
	undetected_chromedriver!(No symbol) [0xba4ee9]
	undetected_chromedriver!(No symbol) [0xba4530]
	undetected_chromedriver!GetHandleVerifier [0x11a2e9f+3c6baf]
	KERNEL32!BaseThreadInitThunk [0x76f75d49+19]
	ntdll!RtlInitializeExceptionChain [0x7722d81b+6b]
	ntdll!RtlGetAppContainerNamedObjectPath [0x7722d7a1+231]

2026-03-24 23:37:20,189 | INFO | Instagram: scrapeando post 54/120 -> https://www.instagram.com/elcalenoviral/p/DWR_iFUj9AD/
2026-03-24 23:37:20,193 | WARNING | Error scrapeando post https://www.instagram.com/elcalenoviral/p/DWR_iFUj9AD/: Message: invalid session id
Stacktrace:
	undetected_chromedriver!GetHandleVerifier [0xdecdf3+10b03]
	undetected_chromedriver!GetHandleVerifier [0xdecf24+10c34]
	undetected_chromedriver!(No symbol) [0xbd1f5e]
	undetected_chromedriver!(No symbol) [0xc0f4b7]
	undetected_chromedriver!(No symbol) [0xc3d9c6]
	undetected_chromedriver!(No symbol) [0xc38e42]
	undetected_chromedriver!(No symbol) [0xc38462]
	undetected_chromedriver!(No symbol) [0xba534e]
	undetected_chromedriver!(No symbol) [0xba58ee]
	undetected_chromedriver!(No symbol) [0xba5dcd]
	undetected_chromedriver!GetHandleVerifier [0x10548b9+2785c9]
	undetected_chromedriver!GetHandleVerifier [0x104feb5+273bc5]
	undetected_chromedriver!GetHandleVerifier [0x106e06b+291d7b]
	undetected_chromedriver!GetHandleVerifier [0xe05cc8+299d8]
	undetected_chromedriver!GetHandleVerifier [0xe0d9fd+3170d]
	undetected_chromedriver!(No symbol) [0xba4ee9]
	undetected_chromedriver!(No symbol) [0xba4530]
	undetected_chromedriver!GetHandleVerifier [0x11a2e9f+3c6baf]
	KERNEL32!BaseThreadInitThunk [0x76f75d49+19]
	ntdll!RtlInitializeExceptionChain [0x7722d81b+6b]
	ntdll!RtlGetAppContainerNamedObjectPath [0x7722d7a1+231]

2026-03-24 23:37:20,193 | INFO | Instagram: scrapeando post 55/120 -> https://www.instagram.com/elcalenoviral/p/DWR-_9Jj8YD/
2026-03-24 23:37:20,194 | WARNING | Error scrapeando post https://www.instagram.com/elcalenoviral/p/DWR-_9Jj8YD/: Message: invalid session id
Stacktrace:
	undetected_chromedriver!GetHandleVerifier [0xdecdf3+10b03]
	undetected_chromedriver!GetHandleVerifier [0xdecf24+10c34]
	undetected_chromedriver!(No symbol) [0xbd1f5e]
	undetected_chromedriver!(No symbol) [0xc0f4b7]
	undetected_chromedriver!(No symbol) [0xc3d9c6]
	undetected_chromedriver!(No symbol) [0xc38e42]
	undetected_chromedriver!(No symbol) [0xc38462]
	undetected_chromedriver!(No symbol) [0xba534e]
	undetected_chromedriver!(No symbol) [0xba58ee]
	undetected_chromedriver!(No symbol) [0xba5dcd]
	undetected_chromedriver!GetHandleVerifier [0x10548b9+2785c9]
	undetected_chromedriver!GetHandleVerifier [0x104feb5+273bc5]
	undetected_chromedriver!GetHandleVerifier [0x106e06b+291d7b]
	undetected_chromedriver!GetHandleVerifier [0xe05cc8+299d8]
	undetected_chromedriver!GetHandleVerifier [0xe0d9fd+3170d]
	undetected_chromedriver!(No symbol) [0xba4ee9]
	undetected_chromedriver!(No symbol) [0xba4530]
	undetected_chromedriver!GetHandleVerifier [0x11a2e9f+3c6baf]
	KERNEL32!BaseThreadInitThunk [0x76f75d49+19]
	ntdll!RtlInitializeExceptionChain [0x7722d81b+6b]
	ntdll!RtlGetAppContainerNamedObjectPath [0x7722d7a1+231]

2026-03-24 23:37:20,195 | INFO | Instagram: scrapeando post 56/120 -> https://www.instagram.com/elcalenoviral/p/DWR-euID3JQ/
2026-03-24 23:37:20,197 | WARNING | Error scrapeando post https://www.instagram.com/elcalenoviral/p/DWR-euID3JQ/: Message: invalid session id
Stacktrace:
	undetected_chromedriver!GetHandleVerifier [0xdecdf3+10b03]
	undetected_chromedriver!GetHandleVerifier [0xdecf24+10c34]
	undetected_chromedriver!(No symbol) [0xbd1f5e]
	undetected_chromedriver!(No symbol) [0xc0f4b7]
	undetected_chromedriver!(No symbol) [0xc3d9c6]
	undetected_chromedriver!(No symbol) [0xc38e42]
	undetected_chromedriver!(No symbol) [0xc38462]
	undetected_chromedriver!(No symbol) [0xba534e]
	undetected_chromedriver!(No symbol) [0xba58ee]
	undetected_chromedriver!(No symbol) [0xba5dcd]
	undetected_chromedriver!GetHandleVerifier [0x10548b9+2785c9]
	undetected_chromedriver!GetHandleVerifier [0x104feb5+273bc5]
	undetected_chromedriver!GetHandleVerifier [0x106e06b+291d7b]
	undetected_chromedriver!GetHandleVerifier [0xe05cc8+299d8]
	undetected_chromedriver!GetHandleVerifier [0xe0d9fd+3170d]
	undetected_chromedriver!(No symbol) [0xba4ee9]
	undetected_chromedriver!(No symbol) [0xba4530]
	undetected_chromedriver!GetHandleVerifier [0x11a2e9f+3c6baf]
	KERNEL32!BaseThreadInitThunk [0x76f75d49+19]
	ntdll!RtlInitializeExceptionChain [0x7722d81b+6b]
	ntdll!RtlGetAppContainerNamedObjectPath [0x7722d7a1+231]

2026-03-24 23:37:20,198 | INFO | Instagram: scrapeando post 57/120 -> https://www.instagram.com/elcalenoviral/reel/DWR93vYD9Eg/
2026-03-24 23:37:20,200 | WARNING | Error scrapeando post https://www.instagram.com/elcalenoviral/reel/DWR93vYD9Eg/: Message: invalid session id
Stacktrace:
	undetected_chromedriver!GetHandleVerifier [0xdecdf3+10b03]
	undetected_chromedriver!GetHandleVerifier [0xdecf24+10c34]
	undetected_chromedriver!(No symbol) [0xbd1f5e]
	undetected_chromedriver!(No symbol) [0xc0f4b7]
	undetected_chromedriver!(No symbol) [0xc3d9c6]
	undetected_chromedriver!(No symbol) [0xc38e42]
	undetected_chromedriver!(No symbol) [0xc38462]
	undetected_chromedriver!(No symbol) [0xba534e]
	undetected_chromedriver!(No symbol) [0xba58ee]
	undetected_chromedriver!(No symbol) [0xba5dcd]
	undetected_chromedriver!GetHandleVerifier [0x10548b9+2785c9]
	undetected_chromedriver!GetHandleVerifier [0x104feb5+273bc5]
	undetected_chromedriver!GetHandleVerifier [0x106e06b+291d7b]
	undetected_chromedriver!GetHandleVerifier [0xe05cc8+299d8]
	undetected_chromedriver!GetHandleVerifier [0xe0d9fd+3170d]
	undetected_chromedriver!(No symbol) [0xba4ee9]
	undetected_chromedriver!(No symbol) [0xba4530]
	undetected_chromedriver!GetHandleVerifier [0x11a2e9f+3c6baf]
	KERNEL32!BaseThreadInitThunk [0x76f75d49+19]
	ntdll!RtlInitializeExceptionChain [0x7722d81b+6b]
	ntdll!RtlGetAppContainerNamedObjectPath [0x7722d7a1+231]

2026-03-24 23:37:20,200 | INFO | Instagram: scrapeando post 58/120 -> https://www.instagram.com/elcalenoviral/reel/DWR9M1Tj5lE/
2026-03-24 23:37:20,203 | WARNING | Error scrapeando post https://www.instagram.com/elcalenoviral/reel/DWR9M1Tj5lE/: Message: invalid session id
Stacktrace:
	undetected_chromedriver!GetHandleVerifier [0xdecdf3+10b03]
	undetected_chromedriver!GetHandleVerifier [0xdecf24+10c34]
	undetected_chromedriver!(No symbol) [0xbd1f5e]
	undetected_chromedriver!(No symbol) [0xc0f4b7]
	undetected_chromedriver!(No symbol) [0xc3d9c6]
	undetected_chromedriver!(No symbol) [0xc38e42]
	undetected_chromedriver!(No symbol) [0xc38462]
	undetected_chromedriver!(No symbol) [0xba534e]
	undetected_chromedriver!(No symbol) [0xba58ee]
	undetected_chromedriver!(No symbol) [0xba5dcd]
	undetected_chromedriver!GetHandleVerifier [0x10548b9+2785c9]
	undetected_chromedriver!GetHandleVerifier [0x104feb5+273bc5]
	undetected_chromedriver!GetHandleVerifier [0x106e06b+291d7b]
	undetected_chromedriver!GetHandleVerifier [0xe05cc8+299d8]
	undetected_chromedriver!GetHandleVerifier [0xe0d9fd+3170d]
	undetected_chromedriver!(No symbol) [0xba4ee9]
	undetected_chromedriver!(No symbol) [0xba4530]
	undetected_chromedriver!GetHandleVerifier [0x11a2e9f+3c6baf]
	KERNEL32!BaseThreadInitThunk [0x76f75d49+19]
	ntdll!RtlInitializeExceptionChain [0x7722d81b+6b]
	ntdll!RtlGetAppContainerNamedObjectPath [0x7722d7a1+231]

2026-03-24 23:37:20,203 | INFO | Instagram: scrapeando post 59/120 -> https://www.instagram.com/elcalenoviral/reel/DWRsLtWD1Fs/
2026-03-24 23:37:20,205 | WARNING | Error scrapeando post https://www.instagram.com/elcalenoviral/reel/DWRsLtWD1Fs/: Message: invalid session id
Stacktrace:
	undetected_chromedriver!GetHandleVerifier [0xdecdf3+10b03]
	undetected_chromedriver!GetHandleVerifier [0xdecf24+10c34]
	undetected_chromedriver!(No symbol) [0xbd1f5e]
	undetected_chromedriver!(No symbol) [0xc0f4b7]
	undetected_chromedriver!(No symbol) [0xc3d9c6]
	undetected_chromedriver!(No symbol) [0xc38e42]
	undetected_chromedriver!(No symbol) [0xc38462]
	undetected_chromedriver!(No symbol) [0xba534e]
	undetected_chromedriver!(No symbol) [0xba58ee]
	undetected_chromedriver!(No symbol) [0xba5dcd]
	undetected_chromedriver!GetHandleVerifier [0x10548b9+2785c9]
	undetected_chromedriver!GetHandleVerifier [0x104feb5+273bc5]
	undetected_chromedriver!GetHandleVerifier [0x106e06b+291d7b]
	undetected_chromedriver!GetHandleVerifier [0xe05cc8+299d8]
	undetected_chromedriver!GetHandleVerifier [0xe0d9fd+3170d]
	undetected_chromedriver!(No symbol) [0xba4ee9]
	undetected_chromedriver!(No symbol) [0xba4530]
	undetected_chromedriver!GetHandleVerifier [0x11a2e9f+3c6baf]
	KERNEL32!BaseThreadInitThunk [0x76f75d49+19]
	ntdll!RtlInitializeExceptionChain [0x7722d81b+6b]
	ntdll!RtlGetAppContainerNamedObjectPath [0x7722d7a1+231]

2026-03-24 23:37:20,205 | INFO | Instagram: scrapeando post 60/120 -> https://www.instagram.com/elcalenoviral/reel/DWRrolvj4Y_/
2026-03-24 23:37:20,209 | WARNING | Error scrapeando post https://www.instagram.com/elcalenoviral/reel/DWRrolvj4Y_/: Message: invalid session id
Stacktrace:
	undetected_chromedriver!GetHandleVerifier [0xdecdf3+10b03]
	undetected_chromedriver!GetHandleVerifier [0xdecf24+10c34]
	undetected_chromedriver!(No symbol) [0xbd1f5e]
	undetected_chromedriver!(No symbol) [0xc0f4b7]
	undetected_chromedriver!(No symbol) [0xc3d9c6]
	undetected_chromedriver!(No symbol) [0xc38e42]
	undetected_chromedriver!(No symbol) [0xc38462]
	undetected_chromedriver!(No symbol) [0xba534e]
	undetected_chromedriver!(No symbol) [0xba58ee]
	undetected_chromedriver!(No symbol) [0xba5dcd]
	undetected_chromedriver!GetHandleVerifier [0x10548b9+2785c9]
	undetected_chromedriver!GetHandleVerifier [0x104feb5+273bc5]
	undetected_chromedriver!GetHandleVerifier [0x106e06b+291d7b]
	undetected_chromedriver!GetHandleVerifier [0xe05cc8+299d8]
	undetected_chromedriver!GetHandleVerifier [0xe0d9fd+3170d]
	undetected_chromedriver!(No symbol) [0xba4ee9]
	undetected_chromedriver!(No symbol) [0xba4530]
	undetected_chromedriver!GetHandleVerifier [0x11a2e9f+3c6baf]
	KERNEL32!BaseThreadInitThunk [0x76f75d49+19]
	ntdll!RtlInitializeExceptionChain [0x7722d81b+6b]
	ntdll!RtlGetAppContainerNamedObjectPath [0x7722d7a1+231]

2026-03-24 23:37:20,210 | INFO | Instagram: scrapeando post 61/120 -> https://www.instagram.com/calioknoticias/reel/DWStA6wjsUE/
2026-03-24 23:37:20,212 | WARNING | Error scrapeando post https://www.instagram.com/calioknoticias/reel/DWStA6wjsUE/: Message: invalid session id
Stacktrace:
	undetected_chromedriver!GetHandleVerifier [0xdecdf3+10b03]
	undetected_chromedriver!GetHandleVerifier [0xdecf24+10c34]
	undetected_chromedriver!(No symbol) [0xbd1f5e]
	undetected_chromedriver!(No symbol) [0xc0f4b7]
	undetected_chromedriver!(No symbol) [0xc3d9c6]
	undetected_chromedriver!(No symbol) [0xc38e42]
	undetected_chromedriver!(No symbol) [0xc38462]
	undetected_chromedriver!(No symbol) [0xba534e]
	undetected_chromedriver!(No symbol) [0xba58ee]
	undetected_chromedriver!(No symbol) [0xba5dcd]
	undetected_chromedriver!GetHandleVerifier [0x10548b9+2785c9]
	undetected_chromedriver!GetHandleVerifier [0x104feb5+273bc5]
	undetected_chromedriver!GetHandleVerifier [0x106e06b+291d7b]
	undetected_chromedriver!GetHandleVerifier [0xe05cc8+299d8]
	undetected_chromedriver!GetHandleVerifier [0xe0d9fd+3170d]
	undetected_chromedriver!(No symbol) [0xba4ee9]
	undetected_chromedriver!(No symbol) [0xba4530]
	undetected_chromedriver!GetHandleVerifier [0x11a2e9f+3c6baf]
	KERNEL32!BaseThreadInitThunk [0x76f75d49+19]
	ntdll!RtlInitializeExceptionChain [0x7722d81b+6b]
	ntdll!RtlGetAppContainerNamedObjectPath [0x7722d7a1+231]

2026-03-24 23:37:20,213 | INFO | Instagram: scrapeando post 62/120 -> https://www.instagram.com/calioknoticias/p/DWSjPrkjEu6/
2026-03-24 23:37:20,215 | WARNING | Error scrapeando post https://www.instagram.com/calioknoticias/p/DWSjPrkjEu6/: Message: invalid session id
Stacktrace:
	undetected_chromedriver!GetHandleVerifier [0xdecdf3+10b03]
	undetected_chromedriver!GetHandleVerifier [0xdecf24+10c34]
	undetected_chromedriver!(No symbol) [0xbd1f5e]
	undetected_chromedriver!(No symbol) [0xc0f4b7]
	undetected_chromedriver!(No symbol) [0xc3d9c6]
	undetected_chromedriver!(No symbol) [0xc38e42]
	undetected_chromedriver!(No symbol) [0xc38462]
	undetected_chromedriver!(No symbol) [0xba534e]
	undetected_chromedriver!(No symbol) [0xba58ee]
	undetected_chromedriver!(No symbol) [0xba5dcd]
	undetected_chromedriver!GetHandleVerifier [0x10548b9+2785c9]
	undetected_chromedriver!GetHandleVerifier [0x104feb5+273bc5]
	undetected_chromedriver!GetHandleVerifier [0x106e06b+291d7b]
	undetected_chromedriver!GetHandleVerifier [0xe05cc8+299d8]
	undetected_chromedriver!GetHandleVerifier [0xe0d9fd+3170d]
	undetected_chromedriver!(No symbol) [0xba4ee9]
	undetected_chromedriver!(No symbol) [0xba4530]
	undetected_chromedriver!GetHandleVerifier [0x11a2e9f+3c6baf]
	KERNEL32!BaseThreadInitThunk [0x76f75d49+19]
	ntdll!RtlInitializeExceptionChain [0x7722d81b+6b]
	ntdll!RtlGetAppContainerNamedObjectPath [0x7722d7a1+231]

2026-03-24 23:37:20,215 | INFO | Instagram: scrapeando post 63/120 -> https://www.instagram.com/gpsecolombia/reel/DWSXJR5CJsu/
2026-03-24 23:37:20,217 | WARNING | Error scrapeando post https://www.instagram.com/gpsecolombia/reel/DWSXJR5CJsu/: Message: invalid session id
Stacktrace:
	undetected_chromedriver!GetHandleVerifier [0xdecdf3+10b03]
	undetected_chromedriver!GetHandleVerifier [0xdecf24+10c34]
	undetected_chromedriver!(No symbol) [0xbd1f5e]
	undetected_chromedriver!(No symbol) [0xc0f4b7]
	undetected_chromedriver!(No symbol) [0xc3d9c6]
	undetected_chromedriver!(No symbol) [0xc38e42]
	undetected_chromedriver!(No symbol) [0xc38462]
	undetected_chromedriver!(No symbol) [0xba534e]
	undetected_chromedriver!(No symbol) [0xba58ee]
	undetected_chromedriver!(No symbol) [0xba5dcd]
	undetected_chromedriver!GetHandleVerifier [0x10548b9+2785c9]
	undetected_chromedriver!GetHandleVerifier [0x104feb5+273bc5]
	undetected_chromedriver!GetHandleVerifier [0x106e06b+291d7b]
	undetected_chromedriver!GetHandleVerifier [0xe05cc8+299d8]
	undetected_chromedriver!GetHandleVerifier [0xe0d9fd+3170d]
	undetected_chromedriver!(No symbol) [0xba4ee9]
	undetected_chromedriver!(No symbol) [0xba4530]
	undetected_chromedriver!GetHandleVerifier [0x11a2e9f+3c6baf]
	KERNEL32!BaseThreadInitThunk [0x76f75d49+19]
	ntdll!RtlInitializeExceptionChain [0x7722d81b+6b]
	ntdll!RtlGetAppContainerNamedObjectPath [0x7722d7a1+231]

2026-03-24 23:37:20,217 | INFO | Instagram: scrapeando post 64/120 -> https://www.instagram.com/calioknoticias/p/DWSRYejiaAb/
2026-03-24 23:37:20,221 | WARNING | Error scrapeando post https://www.instagram.com/calioknoticias/p/DWSRYejiaAb/: Message: invalid session id
Stacktrace:
	undetected_chromedriver!GetHandleVerifier [0xdecdf3+10b03]
	undetected_chromedriver!GetHandleVerifier [0xdecf24+10c34]
	undetected_chromedriver!(No symbol) [0xbd1f5e]
	undetected_chromedriver!(No symbol) [0xc0f4b7]
	undetected_chromedriver!(No symbol) [0xc3d9c6]
	undetected_chromedriver!(No symbol) [0xc38e42]
	undetected_chromedriver!(No symbol) [0xc38462]
	undetected_chromedriver!(No symbol) [0xba534e]
	undetected_chromedriver!(No symbol) [0xba58ee]
	undetected_chromedriver!(No symbol) [0xba5dcd]
	undetected_chromedriver!GetHandleVerifier [0x10548b9+2785c9]
	undetected_chromedriver!GetHandleVerifier [0x104feb5+273bc5]
	undetected_chromedriver!GetHandleVerifier [0x106e06b+291d7b]
	undetected_chromedriver!GetHandleVerifier [0xe05cc8+299d8]
	undetected_chromedriver!GetHandleVerifier [0xe0d9fd+3170d]
	undetected_chromedriver!(No symbol) [0xba4ee9]
	undetected_chromedriver!(No symbol) [0xba4530]
	undetected_chromedriver!GetHandleVerifier [0x11a2e9f+3c6baf]
	KERNEL32!BaseThreadInitThunk [0x76f75d49+19]
	ntdll!RtlInitializeExceptionChain [0x7722d81b+6b]
	ntdll!RtlGetAppContainerNamedObjectPath [0x7722d7a1+231]

2026-03-24 23:37:20,221 | INFO | Instagram: scrapeando post 65/120 -> https://www.instagram.com/calioknoticias/p/DWSQ_rxCeTZ/
2026-03-24 23:37:20,222 | WARNING | Error scrapeando post https://www.instagram.com/calioknoticias/p/DWSQ_rxCeTZ/: Message: invalid session id
Stacktrace:
	undetected_chromedriver!GetHandleVerifier [0xdecdf3+10b03]
	undetected_chromedriver!GetHandleVerifier [0xdecf24+10c34]
	undetected_chromedriver!(No symbol) [0xbd1f5e]
	undetected_chromedriver!(No symbol) [0xc0f4b7]
	undetected_chromedriver!(No symbol) [0xc3d9c6]
	undetected_chromedriver!(No symbol) [0xc38e42]
	undetected_chromedriver!(No symbol) [0xc38462]
	undetected_chromedriver!(No symbol) [0xba534e]
	undetected_chromedriver!(No symbol) [0xba58ee]
	undetected_chromedriver!(No symbol) [0xba5dcd]
	undetected_chromedriver!GetHandleVerifier [0x10548b9+2785c9]
	undetected_chromedriver!GetHandleVerifier [0x104feb5+273bc5]
	undetected_chromedriver!GetHandleVerifier [0x106e06b+291d7b]
	undetected_chromedriver!GetHandleVerifier [0xe05cc8+299d8]
	undetected_chromedriver!GetHandleVerifier [0xe0d9fd+3170d]
	undetected_chromedriver!(No symbol) [0xba4ee9]
	undetected_chromedriver!(No symbol) [0xba4530]
	undetected_chromedriver!GetHandleVerifier [0x11a2e9f+3c6baf]
	KERNEL32!BaseThreadInitThunk [0x76f75d49+19]
	ntdll!RtlInitializeExceptionChain [0x7722d81b+6b]
	ntdll!RtlGetAppContainerNamedObjectPath [0x7722d7a1+231]

2026-03-24 23:37:20,224 | INFO | Instagram: scrapeando post 66/120 -> https://www.instagram.com/calioknoticias/p/DWR_GbdCZGE/
2026-03-24 23:37:20,225 | WARNING | Error scrapeando post https://www.instagram.com/calioknoticias/p/DWR_GbdCZGE/: Message: invalid session id
Stacktrace:
	undetected_chromedriver!GetHandleVerifier [0xdecdf3+10b03]
	undetected_chromedriver!GetHandleVerifier [0xdecf24+10c34]
	undetected_chromedriver!(No symbol) [0xbd1f5e]
	undetected_chromedriver!(No symbol) [0xc0f4b7]
	undetected_chromedriver!(No symbol) [0xc3d9c6]
	undetected_chromedriver!(No symbol) [0xc38e42]
	undetected_chromedriver!(No symbol) [0xc38462]
	undetected_chromedriver!(No symbol) [0xba534e]
	undetected_chromedriver!(No symbol) [0xba58ee]
	undetected_chromedriver!(No symbol) [0xba5dcd]
	undetected_chromedriver!GetHandleVerifier [0x10548b9+2785c9]
	undetected_chromedriver!GetHandleVerifier [0x104feb5+273bc5]
	undetected_chromedriver!GetHandleVerifier [0x106e06b+291d7b]
	undetected_chromedriver!GetHandleVerifier [0xe05cc8+299d8]
	undetected_chromedriver!GetHandleVerifier [0xe0d9fd+3170d]
	undetected_chromedriver!(No symbol) [0xba4ee9]
	undetected_chromedriver!(No symbol) [0xba4530]
	undetected_chromedriver!GetHandleVerifier [0x11a2e9f+3c6baf]
	KERNEL32!BaseThreadInitThunk [0x76f75d49+19]
	ntdll!RtlInitializeExceptionChain [0x7722d81b+6b]
	ntdll!RtlGetAppContainerNamedObjectPath [0x7722d7a1+231]

2026-03-24 23:37:20,226 | INFO | Instagram: scrapeando post 67/120 -> https://www.instagram.com/calioknoticias/p/DWR3u8ZiWJh/
2026-03-24 23:37:20,228 | WARNING | Error scrapeando post https://www.instagram.com/calioknoticias/p/DWR3u8ZiWJh/: Message: invalid session id
Stacktrace:
	undetected_chromedriver!GetHandleVerifier [0xdecdf3+10b03]
	undetected_chromedriver!GetHandleVerifier [0xdecf24+10c34]
	undetected_chromedriver!(No symbol) [0xbd1f5e]
	undetected_chromedriver!(No symbol) [0xc0f4b7]
	undetected_chromedriver!(No symbol) [0xc3d9c6]
	undetected_chromedriver!(No symbol) [0xc38e42]
	undetected_chromedriver!(No symbol) [0xc38462]
	undetected_chromedriver!(No symbol) [0xba534e]
	undetected_chromedriver!(No symbol) [0xba58ee]
	undetected_chromedriver!(No symbol) [0xba5dcd]
	undetected_chromedriver!GetHandleVerifier [0x10548b9+2785c9]
	undetected_chromedriver!GetHandleVerifier [0x104feb5+273bc5]
	undetected_chromedriver!GetHandleVerifier [0x106e06b+291d7b]
	undetected_chromedriver!GetHandleVerifier [0xe05cc8+299d8]
	undetected_chromedriver!GetHandleVerifier [0xe0d9fd+3170d]
	undetected_chromedriver!(No symbol) [0xba4ee9]
	undetected_chromedriver!(No symbol) [0xba4530]
	undetected_chromedriver!GetHandleVerifier [0x11a2e9f+3c6baf]
	KERNEL32!BaseThreadInitThunk [0x76f75d49+19]
	ntdll!RtlInitializeExceptionChain [0x7722d81b+6b]
	ntdll!RtlGetAppContainerNamedObjectPath [0x7722d7a1+231]

2026-03-24 23:37:20,228 | INFO | Instagram: scrapeando post 68/120 -> https://www.instagram.com/calioknoticias/p/DWRczhWjl-1/
2026-03-24 23:37:20,230 | WARNING | Error scrapeando post https://www.instagram.com/calioknoticias/p/DWRczhWjl-1/: Message: invalid session id
Stacktrace:
	undetected_chromedriver!GetHandleVerifier [0xdecdf3+10b03]
	undetected_chromedriver!GetHandleVerifier [0xdecf24+10c34]
	undetected_chromedriver!(No symbol) [0xbd1f5e]
	undetected_chromedriver!(No symbol) [0xc0f4b7]
	undetected_chromedriver!(No symbol) [0xc3d9c6]
	undetected_chromedriver!(No symbol) [0xc38e42]
	undetected_chromedriver!(No symbol) [0xc38462]
	undetected_chromedriver!(No symbol) [0xba534e]
	undetected_chromedriver!(No symbol) [0xba58ee]
	undetected_chromedriver!(No symbol) [0xba5dcd]
	undetected_chromedriver!GetHandleVerifier [0x10548b9+2785c9]
	undetected_chromedriver!GetHandleVerifier [0x104feb5+273bc5]
	undetected_chromedriver!GetHandleVerifier [0x106e06b+291d7b]
	undetected_chromedriver!GetHandleVerifier [0xe05cc8+299d8]
	undetected_chromedriver!GetHandleVerifier [0xe0d9fd+3170d]
	undetected_chromedriver!(No symbol) [0xba4ee9]
	undetected_chromedriver!(No symbol) [0xba4530]
	undetected_chromedriver!GetHandleVerifier [0x11a2e9f+3c6baf]
	KERNEL32!BaseThreadInitThunk [0x76f75d49+19]
	ntdll!RtlInitializeExceptionChain [0x7722d81b+6b]
	ntdll!RtlGetAppContainerNamedObjectPath [0x7722d7a1+231]

2026-03-24 23:37:20,230 | INFO | Instagram: scrapeando post 69/120 -> https://www.instagram.com/calioknoticias/p/DWRQ5VuiYjX/
2026-03-24 23:37:20,233 | WARNING | Error scrapeando post https://www.instagram.com/calioknoticias/p/DWRQ5VuiYjX/: Message: invalid session id
Stacktrace:
	undetected_chromedriver!GetHandleVerifier [0xdecdf3+10b03]
	undetected_chromedriver!GetHandleVerifier [0xdecf24+10c34]
	undetected_chromedriver!(No symbol) [0xbd1f5e]
	undetected_chromedriver!(No symbol) [0xc0f4b7]
	undetected_chromedriver!(No symbol) [0xc3d9c6]
	undetected_chromedriver!(No symbol) [0xc38e42]
	undetected_chromedriver!(No symbol) [0xc38462]
	undetected_chromedriver!(No symbol) [0xba534e]
	undetected_chromedriver!(No symbol) [0xba58ee]
	undetected_chromedriver!(No symbol) [0xba5dcd]
	undetected_chromedriver!GetHandleVerifier [0x10548b9+2785c9]
	undetected_chromedriver!GetHandleVerifier [0x104feb5+273bc5]
	undetected_chromedriver!GetHandleVerifier [0x106e06b+291d7b]
	undetected_chromedriver!GetHandleVerifier [0xe05cc8+299d8]
	undetected_chromedriver!GetHandleVerifier [0xe0d9fd+3170d]
	undetected_chromedriver!(No symbol) [0xba4ee9]
	undetected_chromedriver!(No symbol) [0xba4530]
	undetected_chromedriver!GetHandleVerifier [0x11a2e9f+3c6baf]
	KERNEL32!BaseThreadInitThunk [0x76f75d49+19]
	ntdll!RtlInitializeExceptionChain [0x7722d81b+6b]
	ntdll!RtlGetAppContainerNamedObjectPath [0x7722d7a1+231]

2026-03-24 23:37:20,233 | INFO | Instagram: scrapeando post 70/120 -> https://www.instagram.com/calioknoticias/p/DWRDNOACU03/
2026-03-24 23:37:20,235 | WARNING | Error scrapeando post https://www.instagram.com/calioknoticias/p/DWRDNOACU03/: Message: invalid session id
Stacktrace:
	undetected_chromedriver!GetHandleVerifier [0xdecdf3+10b03]
	undetected_chromedriver!GetHandleVerifier [0xdecf24+10c34]
	undetected_chromedriver!(No symbol) [0xbd1f5e]
	undetected_chromedriver!(No symbol) [0xc0f4b7]
	undetected_chromedriver!(No symbol) [0xc3d9c6]
	undetected_chromedriver!(No symbol) [0xc38e42]
	undetected_chromedriver!(No symbol) [0xc38462]
	undetected_chromedriver!(No symbol) [0xba534e]
	undetected_chromedriver!(No symbol) [0xba58ee]
	undetected_chromedriver!(No symbol) [0xba5dcd]
	undetected_chromedriver!GetHandleVerifier [0x10548b9+2785c9]
	undetected_chromedriver!GetHandleVerifier [0x104feb5+273bc5]
	undetected_chromedriver!GetHandleVerifier [0x106e06b+291d7b]
	undetected_chromedriver!GetHandleVerifier [0xe05cc8+299d8]
	undetected_chromedriver!GetHandleVerifier [0xe0d9fd+3170d]
	undetected_chromedriver!(No symbol) [0xba4ee9]
	undetected_chromedriver!(No symbol) [0xba4530]
	undetected_chromedriver!GetHandleVerifier [0x11a2e9f+3c6baf]
	KERNEL32!BaseThreadInitThunk [0x76f75d49+19]
	ntdll!RtlInitializeExceptionChain [0x7722d81b+6b]
	ntdll!RtlGetAppContainerNamedObjectPath [0x7722d7a1+231]

2026-03-24 23:37:20,235 | INFO | Instagram: scrapeando post 71/120 -> https://www.instagram.com/calioknoticias/reel/DWQHZjiDjOX/
2026-03-24 23:37:20,238 | WARNING | Error scrapeando post https://www.instagram.com/calioknoticias/reel/DWQHZjiDjOX/: Message: invalid session id
Stacktrace:
	undetected_chromedriver!GetHandleVerifier [0xdecdf3+10b03]
	undetected_chromedriver!GetHandleVerifier [0xdecf24+10c34]
	undetected_chromedriver!(No symbol) [0xbd1f5e]
	undetected_chromedriver!(No symbol) [0xc0f4b7]
	undetected_chromedriver!(No symbol) [0xc3d9c6]
	undetected_chromedriver!(No symbol) [0xc38e42]
	undetected_chromedriver!(No symbol) [0xc38462]
	undetected_chromedriver!(No symbol) [0xba534e]
	undetected_chromedriver!(No symbol) [0xba58ee]
	undetected_chromedriver!(No symbol) [0xba5dcd]
	undetected_chromedriver!GetHandleVerifier [0x10548b9+2785c9]
	undetected_chromedriver!GetHandleVerifier [0x104feb5+273bc5]
	undetected_chromedriver!GetHandleVerifier [0x106e06b+291d7b]
	undetected_chromedriver!GetHandleVerifier [0xe05cc8+299d8]
	undetected_chromedriver!GetHandleVerifier [0xe0d9fd+3170d]
	undetected_chromedriver!(No symbol) [0xba4ee9]
	undetected_chromedriver!(No symbol) [0xba4530]
	undetected_chromedriver!GetHandleVerifier [0x11a2e9f+3c6baf]
	KERNEL32!BaseThreadInitThunk [0x76f75d49+19]
	ntdll!RtlInitializeExceptionChain [0x7722d81b+6b]
	ntdll!RtlGetAppContainerNamedObjectPath [0x7722d7a1+231]

2026-03-24 23:37:20,238 | INFO | Instagram: scrapeando post 72/120 -> https://www.instagram.com/calioknoticias/p/DWQGT9LDqxZ/
2026-03-24 23:37:20,241 | WARNING | Error scrapeando post https://www.instagram.com/calioknoticias/p/DWQGT9LDqxZ/: Message: invalid session id
Stacktrace:
	undetected_chromedriver!GetHandleVerifier [0xdecdf3+10b03]
	undetected_chromedriver!GetHandleVerifier [0xdecf24+10c34]
	undetected_chromedriver!(No symbol) [0xbd1f5e]
	undetected_chromedriver!(No symbol) [0xc0f4b7]
	undetected_chromedriver!(No symbol) [0xc3d9c6]
	undetected_chromedriver!(No symbol) [0xc38e42]
	undetected_chromedriver!(No symbol) [0xc38462]
	undetected_chromedriver!(No symbol) [0xba534e]
	undetected_chromedriver!(No symbol) [0xba58ee]
	undetected_chromedriver!(No symbol) [0xba5dcd]
	undetected_chromedriver!GetHandleVerifier [0x10548b9+2785c9]
	undetected_chromedriver!GetHandleVerifier [0x104feb5+273bc5]
	undetected_chromedriver!GetHandleVerifier [0x106e06b+291d7b]
	undetected_chromedriver!GetHandleVerifier [0xe05cc8+299d8]
	undetected_chromedriver!GetHandleVerifier [0xe0d9fd+3170d]
	undetected_chromedriver!(No symbol) [0xba4ee9]
	undetected_chromedriver!(No symbol) [0xba4530]
	undetected_chromedriver!GetHandleVerifier [0x11a2e9f+3c6baf]
	KERNEL32!BaseThreadInitThunk [0x76f75d49+19]
	ntdll!RtlInitializeExceptionChain [0x7722d81b+6b]
	ntdll!RtlGetAppContainerNamedObjectPath [0x7722d7a1+231]

2026-03-24 23:37:20,241 | INFO | Instagram: scrapeando post 73/120 -> https://www.instagram.com/radiorelojcali/reel/DVRtE_okiY8/
2026-03-24 23:37:20,244 | WARNING | Error scrapeando post https://www.instagram.com/radiorelojcali/reel/DVRtE_okiY8/: Message: invalid session id
Stacktrace:
	undetected_chromedriver!GetHandleVerifier [0xdecdf3+10b03]
	undetected_chromedriver!GetHandleVerifier [0xdecf24+10c34]
	undetected_chromedriver!(No symbol) [0xbd1f5e]
	undetected_chromedriver!(No symbol) [0xc0f4b7]
	undetected_chromedriver!(No symbol) [0xc3d9c6]
	undetected_chromedriver!(No symbol) [0xc38e42]
	undetected_chromedriver!(No symbol) [0xc38462]
	undetected_chromedriver!(No symbol) [0xba534e]
	undetected_chromedriver!(No symbol) [0xba58ee]
	undetected_chromedriver!(No symbol) [0xba5dcd]
	undetected_chromedriver!GetHandleVerifier [0x10548b9+2785c9]
	undetected_chromedriver!GetHandleVerifier [0x104feb5+273bc5]
	undetected_chromedriver!GetHandleVerifier [0x106e06b+291d7b]
	undetected_chromedriver!GetHandleVerifier [0xe05cc8+299d8]
	undetected_chromedriver!GetHandleVerifier [0xe0d9fd+3170d]
	undetected_chromedriver!(No symbol) [0xba4ee9]
	undetected_chromedriver!(No symbol) [0xba4530]
	undetected_chromedriver!GetHandleVerifier [0x11a2e9f+3c6baf]
	KERNEL32!BaseThreadInitThunk [0x76f75d49+19]
	ntdll!RtlInitializeExceptionChain [0x7722d81b+6b]
	ntdll!RtlGetAppContainerNamedObjectPath [0x7722d7a1+231]

2026-03-24 23:37:20,244 | INFO | Instagram: scrapeando post 74/120 -> https://www.instagram.com/radiorelojcali/reel/DNo9Drou5ox/
2026-03-24 23:37:20,248 | WARNING | Error scrapeando post https://www.instagram.com/radiorelojcali/reel/DNo9Drou5ox/: Message: invalid session id
Stacktrace:
	undetected_chromedriver!GetHandleVerifier [0xdecdf3+10b03]
	undetected_chromedriver!GetHandleVerifier [0xdecf24+10c34]
	undetected_chromedriver!(No symbol) [0xbd1f5e]
	undetected_chromedriver!(No symbol) [0xc0f4b7]
	undetected_chromedriver!(No symbol) [0xc3d9c6]
	undetected_chromedriver!(No symbol) [0xc38e42]
	undetected_chromedriver!(No symbol) [0xc38462]
	undetected_chromedriver!(No symbol) [0xba534e]
	undetected_chromedriver!(No symbol) [0xba58ee]
	undetected_chromedriver!(No symbol) [0xba5dcd]
	undetected_chromedriver!GetHandleVerifier [0x10548b9+2785c9]
	undetected_chromedriver!GetHandleVerifier [0x104feb5+273bc5]
	undetected_chromedriver!GetHandleVerifier [0x106e06b+291d7b]
	undetected_chromedriver!GetHandleVerifier [0xe05cc8+299d8]
	undetected_chromedriver!GetHandleVerifier [0xe0d9fd+3170d]
	undetected_chromedriver!(No symbol) [0xba4ee9]
	undetected_chromedriver!(No symbol) [0xba4530]
	undetected_chromedriver!GetHandleVerifier [0x11a2e9f+3c6baf]
	KERNEL32!BaseThreadInitThunk [0x76f75d49+19]
	ntdll!RtlInitializeExceptionChain [0x7722d81b+6b]
	ntdll!RtlGetAppContainerNamedObjectPath [0x7722d7a1+231]

2026-03-24 23:37:20,248 | INFO | Instagram: scrapeando post 75/120 -> https://www.instagram.com/radiorelojcali/reel/DWSg6TYjnll/
2026-03-24 23:37:20,253 | WARNING | Error scrapeando post https://www.instagram.com/radiorelojcali/reel/DWSg6TYjnll/: Message: invalid session id
Stacktrace:
	undetected_chromedriver!GetHandleVerifier [0xdecdf3+10b03]
	undetected_chromedriver!GetHandleVerifier [0xdecf24+10c34]
	undetected_chromedriver!(No symbol) [0xbd1f5e]
	undetected_chromedriver!(No symbol) [0xc0f4b7]
	undetected_chromedriver!(No symbol) [0xc3d9c6]
	undetected_chromedriver!(No symbol) [0xc38e42]
	undetected_chromedriver!(No symbol) [0xc38462]
	undetected_chromedriver!(No symbol) [0xba534e]
	undetected_chromedriver!(No symbol) [0xba58ee]
	undetected_chromedriver!(No symbol) [0xba5dcd]
	undetected_chromedriver!GetHandleVerifier [0x10548b9+2785c9]
	undetected_chromedriver!GetHandleVerifier [0x104feb5+273bc5]
	undetected_chromedriver!GetHandleVerifier [0x106e06b+291d7b]
	undetected_chromedriver!GetHandleVerifier [0xe05cc8+299d8]
	undetected_chromedriver!GetHandleVerifier [0xe0d9fd+3170d]
	undetected_chromedriver!(No symbol) [0xba4ee9]
	undetected_chromedriver!(No symbol) [0xba4530]
	undetected_chromedriver!GetHandleVerifier [0x11a2e9f+3c6baf]
	KERNEL32!BaseThreadInitThunk [0x76f75d49+19]
	ntdll!RtlInitializeExceptionChain [0x7722d81b+6b]
	ntdll!RtlGetAppContainerNamedObjectPath [0x7722d7a1+231]

2026-03-24 23:37:20,253 | INFO | Instagram: scrapeando post 76/120 -> https://www.instagram.com/radiorelojcali/reel/DWSeuVmDsOL/
2026-03-24 23:37:20,256 | WARNING | Error scrapeando post https://www.instagram.com/radiorelojcali/reel/DWSeuVmDsOL/: Message: invalid session id
Stacktrace:
	undetected_chromedriver!GetHandleVerifier [0xdecdf3+10b03]
	undetected_chromedriver!GetHandleVerifier [0xdecf24+10c34]
	undetected_chromedriver!(No symbol) [0xbd1f5e]
	undetected_chromedriver!(No symbol) [0xc0f4b7]
	undetected_chromedriver!(No symbol) [0xc3d9c6]
	undetected_chromedriver!(No symbol) [0xc38e42]
	undetected_chromedriver!(No symbol) [0xc38462]
	undetected_chromedriver!(No symbol) [0xba534e]
	undetected_chromedriver!(No symbol) [0xba58ee]
	undetected_chromedriver!(No symbol) [0xba5dcd]
	undetected_chromedriver!GetHandleVerifier [0x10548b9+2785c9]
	undetected_chromedriver!GetHandleVerifier [0x104feb5+273bc5]
	undetected_chromedriver!GetHandleVerifier [0x106e06b+291d7b]
	undetected_chromedriver!GetHandleVerifier [0xe05cc8+299d8]
	undetected_chromedriver!GetHandleVerifier [0xe0d9fd+3170d]
	undetected_chromedriver!(No symbol) [0xba4ee9]
	undetected_chromedriver!(No symbol) [0xba4530]
	undetected_chromedriver!GetHandleVerifier [0x11a2e9f+3c6baf]
	KERNEL32!BaseThreadInitThunk [0x76f75d49+19]
	ntdll!RtlInitializeExceptionChain [0x7722d81b+6b]
	ntdll!RtlGetAppContainerNamedObjectPath [0x7722d7a1+231]

2026-03-24 23:37:20,256 | INFO | Instagram: scrapeando post 77/120 -> https://www.instagram.com/radiorelojcali/p/DWSVe1ECUyV/
2026-03-24 23:37:20,258 | WARNING | Error scrapeando post https://www.instagram.com/radiorelojcali/p/DWSVe1ECUyV/: Message: invalid session id
Stacktrace:
	undetected_chromedriver!GetHandleVerifier [0xdecdf3+10b03]
	undetected_chromedriver!GetHandleVerifier [0xdecf24+10c34]
	undetected_chromedriver!(No symbol) [0xbd1f5e]
	undetected_chromedriver!(No symbol) [0xc0f4b7]
	undetected_chromedriver!(No symbol) [0xc3d9c6]
	undetected_chromedriver!(No symbol) [0xc38e42]
	undetected_chromedriver!(No symbol) [0xc38462]
	undetected_chromedriver!(No symbol) [0xba534e]
	undetected_chromedriver!(No symbol) [0xba58ee]
	undetected_chromedriver!(No symbol) [0xba5dcd]
	undetected_chromedriver!GetHandleVerifier [0x10548b9+2785c9]
	undetected_chromedriver!GetHandleVerifier [0x104feb5+273bc5]
	undetected_chromedriver!GetHandleVerifier [0x106e06b+291d7b]
	undetected_chromedriver!GetHandleVerifier [0xe05cc8+299d8]
	undetected_chromedriver!GetHandleVerifier [0xe0d9fd+3170d]
	undetected_chromedriver!(No symbol) [0xba4ee9]
	undetected_chromedriver!(No symbol) [0xba4530]
	undetected_chromedriver!GetHandleVerifier [0x11a2e9f+3c6baf]
	KERNEL32!BaseThreadInitThunk [0x76f75d49+19]
	ntdll!RtlInitializeExceptionChain [0x7722d81b+6b]
	ntdll!RtlGetAppContainerNamedObjectPath [0x7722d7a1+231]

2026-03-24 23:37:20,259 | INFO | Instagram: scrapeando post 78/120 -> https://www.instagram.com/radiorelojcali/p/DWSS49PicfR/
2026-03-24 23:37:20,262 | WARNING | Error scrapeando post https://www.instagram.com/radiorelojcali/p/DWSS49PicfR/: Message: invalid session id
Stacktrace:
	undetected_chromedriver!GetHandleVerifier [0xdecdf3+10b03]
	undetected_chromedriver!GetHandleVerifier [0xdecf24+10c34]
	undetected_chromedriver!(No symbol) [0xbd1f5e]
	undetected_chromedriver!(No symbol) [0xc0f4b7]
	undetected_chromedriver!(No symbol) [0xc3d9c6]
	undetected_chromedriver!(No symbol) [0xc38e42]
	undetected_chromedriver!(No symbol) [0xc38462]
	undetected_chromedriver!(No symbol) [0xba534e]
	undetected_chromedriver!(No symbol) [0xba58ee]
	undetected_chromedriver!(No symbol) [0xba5dcd]
	undetected_chromedriver!GetHandleVerifier [0x10548b9+2785c9]
	undetected_chromedriver!GetHandleVerifier [0x104feb5+273bc5]
	undetected_chromedriver!GetHandleVerifier [0x106e06b+291d7b]
	undetected_chromedriver!GetHandleVerifier [0xe05cc8+299d8]
	undetected_chromedriver!GetHandleVerifier [0xe0d9fd+3170d]
	undetected_chromedriver!(No symbol) [0xba4ee9]
	undetected_chromedriver!(No symbol) [0xba4530]
	undetected_chromedriver!GetHandleVerifier [0x11a2e9f+3c6baf]
	KERNEL32!BaseThreadInitThunk [0x76f75d49+19]
	ntdll!RtlInitializeExceptionChain [0x7722d81b+6b]
	ntdll!RtlGetAppContainerNamedObjectPath [0x7722d7a1+231]

2026-03-24 23:37:20,263 | INFO | Instagram: scrapeando post 79/120 -> https://www.instagram.com/radiorelojcali/p/DWSQ3tdCc-X/
2026-03-24 23:37:20,265 | WARNING | Error scrapeando post https://www.instagram.com/radiorelojcali/p/DWSQ3tdCc-X/: Message: invalid session id
Stacktrace:
	undetected_chromedriver!GetHandleVerifier [0xdecdf3+10b03]
	undetected_chromedriver!GetHandleVerifier [0xdecf24+10c34]
	undetected_chromedriver!(No symbol) [0xbd1f5e]
	undetected_chromedriver!(No symbol) [0xc0f4b7]
	undetected_chromedriver!(No symbol) [0xc3d9c6]
	undetected_chromedriver!(No symbol) [0xc38e42]
	undetected_chromedriver!(No symbol) [0xc38462]
	undetected_chromedriver!(No symbol) [0xba534e]
	undetected_chromedriver!(No symbol) [0xba58ee]
	undetected_chromedriver!(No symbol) [0xba5dcd]
	undetected_chromedriver!GetHandleVerifier [0x10548b9+2785c9]
	undetected_chromedriver!GetHandleVerifier [0x104feb5+273bc5]
	undetected_chromedriver!GetHandleVerifier [0x106e06b+291d7b]
	undetected_chromedriver!GetHandleVerifier [0xe05cc8+299d8]
	undetected_chromedriver!GetHandleVerifier [0xe0d9fd+3170d]
	undetected_chromedriver!(No symbol) [0xba4ee9]
	undetected_chromedriver!(No symbol) [0xba4530]
	undetected_chromedriver!GetHandleVerifier [0x11a2e9f+3c6baf]
	KERNEL32!BaseThreadInitThunk [0x76f75d49+19]
	ntdll!RtlInitializeExceptionChain [0x7722d81b+6b]
	ntdll!RtlGetAppContainerNamedObjectPath [0x7722d7a1+231]

2026-03-24 23:37:20,266 | INFO | Instagram: scrapeando post 80/120 -> https://www.instagram.com/radiorelojcali/p/DWSE7IEiV9Y/
2026-03-24 23:37:20,268 | WARNING | Error scrapeando post https://www.instagram.com/radiorelojcali/p/DWSE7IEiV9Y/: Message: invalid session id
Stacktrace:
	undetected_chromedriver!GetHandleVerifier [0xdecdf3+10b03]
	undetected_chromedriver!GetHandleVerifier [0xdecf24+10c34]
	undetected_chromedriver!(No symbol) [0xbd1f5e]
	undetected_chromedriver!(No symbol) [0xc0f4b7]
	undetected_chromedriver!(No symbol) [0xc3d9c6]
	undetected_chromedriver!(No symbol) [0xc38e42]
	undetected_chromedriver!(No symbol) [0xc38462]
	undetected_chromedriver!(No symbol) [0xba534e]
	undetected_chromedriver!(No symbol) [0xba58ee]
	undetected_chromedriver!(No symbol) [0xba5dcd]
	undetected_chromedriver!GetHandleVerifier [0x10548b9+2785c9]
	undetected_chromedriver!GetHandleVerifier [0x104feb5+273bc5]
	undetected_chromedriver!GetHandleVerifier [0x106e06b+291d7b]
	undetected_chromedriver!GetHandleVerifier [0xe05cc8+299d8]
	undetected_chromedriver!GetHandleVerifier [0xe0d9fd+3170d]
	undetected_chromedriver!(No symbol) [0xba4ee9]
	undetected_chromedriver!(No symbol) [0xba4530]
	undetected_chromedriver!GetHandleVerifier [0x11a2e9f+3c6baf]
	KERNEL32!BaseThreadInitThunk [0x76f75d49+19]
	ntdll!RtlInitializeExceptionChain [0x7722d81b+6b]
	ntdll!RtlGetAppContainerNamedObjectPath [0x7722d7a1+231]

2026-03-24 23:37:20,269 | INFO | Instagram: scrapeando post 81/120 -> https://www.instagram.com/radiorelojcali/reel/DWSDDkhDneb/
2026-03-24 23:37:20,271 | WARNING | Error scrapeando post https://www.instagram.com/radiorelojcali/reel/DWSDDkhDneb/: Message: invalid session id
Stacktrace:
	undetected_chromedriver!GetHandleVerifier [0xdecdf3+10b03]
	undetected_chromedriver!GetHandleVerifier [0xdecf24+10c34]
	undetected_chromedriver!(No symbol) [0xbd1f5e]
	undetected_chromedriver!(No symbol) [0xc0f4b7]
	undetected_chromedriver!(No symbol) [0xc3d9c6]
	undetected_chromedriver!(No symbol) [0xc38e42]
	undetected_chromedriver!(No symbol) [0xc38462]
	undetected_chromedriver!(No symbol) [0xba534e]
	undetected_chromedriver!(No symbol) [0xba58ee]
	undetected_chromedriver!(No symbol) [0xba5dcd]
	undetected_chromedriver!GetHandleVerifier [0x10548b9+2785c9]
	undetected_chromedriver!GetHandleVerifier [0x104feb5+273bc5]
	undetected_chromedriver!GetHandleVerifier [0x106e06b+291d7b]
	undetected_chromedriver!GetHandleVerifier [0xe05cc8+299d8]
	undetected_chromedriver!GetHandleVerifier [0xe0d9fd+3170d]
	undetected_chromedriver!(No symbol) [0xba4ee9]
	undetected_chromedriver!(No symbol) [0xba4530]
	undetected_chromedriver!GetHandleVerifier [0x11a2e9f+3c6baf]
	KERNEL32!BaseThreadInitThunk [0x76f75d49+19]
	ntdll!RtlInitializeExceptionChain [0x7722d81b+6b]
	ntdll!RtlGetAppContainerNamedObjectPath [0x7722d7a1+231]

2026-03-24 23:37:20,271 | INFO | Instagram: scrapeando post 82/120 -> https://www.instagram.com/radiorelojcali/p/DWSCYJrCdVf/
2026-03-24 23:37:20,274 | WARNING | Error scrapeando post https://www.instagram.com/radiorelojcali/p/DWSCYJrCdVf/: Message: invalid session id
Stacktrace:
	undetected_chromedriver!GetHandleVerifier [0xdecdf3+10b03]
	undetected_chromedriver!GetHandleVerifier [0xdecf24+10c34]
	undetected_chromedriver!(No symbol) [0xbd1f5e]
	undetected_chromedriver!(No symbol) [0xc0f4b7]
	undetected_chromedriver!(No symbol) [0xc3d9c6]
	undetected_chromedriver!(No symbol) [0xc38e42]
	undetected_chromedriver!(No symbol) [0xc38462]
	undetected_chromedriver!(No symbol) [0xba534e]
	undetected_chromedriver!(No symbol) [0xba58ee]
	undetected_chromedriver!(No symbol) [0xba5dcd]
	undetected_chromedriver!GetHandleVerifier [0x10548b9+2785c9]
	undetected_chromedriver!GetHandleVerifier [0x104feb5+273bc5]
	undetected_chromedriver!GetHandleVerifier [0x106e06b+291d7b]
	undetected_chromedriver!GetHandleVerifier [0xe05cc8+299d8]
	undetected_chromedriver!GetHandleVerifier [0xe0d9fd+3170d]
	undetected_chromedriver!(No symbol) [0xba4ee9]
	undetected_chromedriver!(No symbol) [0xba4530]
	undetected_chromedriver!GetHandleVerifier [0x11a2e9f+3c6baf]
	KERNEL32!BaseThreadInitThunk [0x76f75d49+19]
	ntdll!RtlInitializeExceptionChain [0x7722d81b+6b]
	ntdll!RtlGetAppContainerNamedObjectPath [0x7722d7a1+231]

2026-03-24 23:37:20,284 | INFO | Instagram: scrapeando post 83/120 -> https://www.instagram.com/radiorelojcali/p/DWR_tMZiVRe/
2026-03-24 23:37:20,286 | WARNING | Error scrapeando post https://www.instagram.com/radiorelojcali/p/DWR_tMZiVRe/: Message: invalid session id
Stacktrace:
	undetected_chromedriver!GetHandleVerifier [0xdecdf3+10b03]
	undetected_chromedriver!GetHandleVerifier [0xdecf24+10c34]
	undetected_chromedriver!(No symbol) [0xbd1f5e]
	undetected_chromedriver!(No symbol) [0xc0f4b7]
	undetected_chromedriver!(No symbol) [0xc3d9c6]
	undetected_chromedriver!(No symbol) [0xc38e42]
	undetected_chromedriver!(No symbol) [0xc38462]
	undetected_chromedriver!(No symbol) [0xba534e]
	undetected_chromedriver!(No symbol) [0xba58ee]
	undetected_chromedriver!(No symbol) [0xba5dcd]
	undetected_chromedriver!GetHandleVerifier [0x10548b9+2785c9]
	undetected_chromedriver!GetHandleVerifier [0x104feb5+273bc5]
	undetected_chromedriver!GetHandleVerifier [0x106e06b+291d7b]
	undetected_chromedriver!GetHandleVerifier [0xe05cc8+299d8]
	undetected_chromedriver!GetHandleVerifier [0xe0d9fd+3170d]
	undetected_chromedriver!(No symbol) [0xba4ee9]
	undetected_chromedriver!(No symbol) [0xba4530]
	undetected_chromedriver!GetHandleVerifier [0x11a2e9f+3c6baf]
	KERNEL32!BaseThreadInitThunk [0x76f75d49+19]
	ntdll!RtlInitializeExceptionChain [0x7722d81b+6b]
	ntdll!RtlGetAppContainerNamedObjectPath [0x7722d7a1+231]

2026-03-24 23:37:20,287 | INFO | Instagram: scrapeando post 84/120 -> https://www.instagram.com/radiorelojcali/reel/DWR9mYNjpKQ/
2026-03-24 23:37:20,289 | WARNING | Error scrapeando post https://www.instagram.com/radiorelojcali/reel/DWR9mYNjpKQ/: Message: invalid session id
Stacktrace:
	undetected_chromedriver!GetHandleVerifier [0xdecdf3+10b03]
	undetected_chromedriver!GetHandleVerifier [0xdecf24+10c34]
	undetected_chromedriver!(No symbol) [0xbd1f5e]
	undetected_chromedriver!(No symbol) [0xc0f4b7]
	undetected_chromedriver!(No symbol) [0xc3d9c6]
	undetected_chromedriver!(No symbol) [0xc38e42]
	undetected_chromedriver!(No symbol) [0xc38462]
	undetected_chromedriver!(No symbol) [0xba534e]
	undetected_chromedriver!(No symbol) [0xba58ee]
	undetected_chromedriver!(No symbol) [0xba5dcd]
	undetected_chromedriver!GetHandleVerifier [0x10548b9+2785c9]
	undetected_chromedriver!GetHandleVerifier [0x104feb5+273bc5]
	undetected_chromedriver!GetHandleVerifier [0x106e06b+291d7b]
	undetected_chromedriver!GetHandleVerifier [0xe05cc8+299d8]
	undetected_chromedriver!GetHandleVerifier [0xe0d9fd+3170d]
	undetected_chromedriver!(No symbol) [0xba4ee9]
	undetected_chromedriver!(No symbol) [0xba4530]
	undetected_chromedriver!GetHandleVerifier [0x11a2e9f+3c6baf]
	KERNEL32!BaseThreadInitThunk [0x76f75d49+19]
	ntdll!RtlInitializeExceptionChain [0x7722d81b+6b]
	ntdll!RtlGetAppContainerNamedObjectPath [0x7722d7a1+231]

2026-03-24 23:37:20,290 | INFO | Instagram: scrapeando post 85/120 -> https://www.instagram.com/calivenoticias/reel/DWRCeSfEQoV/
2026-03-24 23:37:20,292 | WARNING | Error scrapeando post https://www.instagram.com/calivenoticias/reel/DWRCeSfEQoV/: Message: invalid session id
Stacktrace:
	undetected_chromedriver!GetHandleVerifier [0xdecdf3+10b03]
	undetected_chromedriver!GetHandleVerifier [0xdecf24+10c34]
	undetected_chromedriver!(No symbol) [0xbd1f5e]
	undetected_chromedriver!(No symbol) [0xc0f4b7]
	undetected_chromedriver!(No symbol) [0xc3d9c6]
	undetected_chromedriver!(No symbol) [0xc38e42]
	undetected_chromedriver!(No symbol) [0xc38462]
	undetected_chromedriver!(No symbol) [0xba534e]
	undetected_chromedriver!(No symbol) [0xba58ee]
	undetected_chromedriver!(No symbol) [0xba5dcd]
	undetected_chromedriver!GetHandleVerifier [0x10548b9+2785c9]
	undetected_chromedriver!GetHandleVerifier [0x104feb5+273bc5]
	undetected_chromedriver!GetHandleVerifier [0x106e06b+291d7b]
	undetected_chromedriver!GetHandleVerifier [0xe05cc8+299d8]
	undetected_chromedriver!GetHandleVerifier [0xe0d9fd+3170d]
	undetected_chromedriver!(No symbol) [0xba4ee9]
	undetected_chromedriver!(No symbol) [0xba4530]
	undetected_chromedriver!GetHandleVerifier [0x11a2e9f+3c6baf]
	KERNEL32!BaseThreadInitThunk [0x76f75d49+19]
	ntdll!RtlInitializeExceptionChain [0x7722d81b+6b]
	ntdll!RtlGetAppContainerNamedObjectPath [0x7722d7a1+231]

2026-03-24 23:37:20,293 | INFO | Instagram: scrapeando post 86/120 -> https://www.instagram.com/calivenoticias/reel/DWGD1GJDamA/
2026-03-24 23:37:20,294 | WARNING | Error scrapeando post https://www.instagram.com/calivenoticias/reel/DWGD1GJDamA/: Message: invalid session id
Stacktrace:
	undetected_chromedriver!GetHandleVerifier [0xdecdf3+10b03]
	undetected_chromedriver!GetHandleVerifier [0xdecf24+10c34]
	undetected_chromedriver!(No symbol) [0xbd1f5e]
	undetected_chromedriver!(No symbol) [0xc0f4b7]
	undetected_chromedriver!(No symbol) [0xc3d9c6]
	undetected_chromedriver!(No symbol) [0xc38e42]
	undetected_chromedriver!(No symbol) [0xc38462]
	undetected_chromedriver!(No symbol) [0xba534e]
	undetected_chromedriver!(No symbol) [0xba58ee]
	undetected_chromedriver!(No symbol) [0xba5dcd]
	undetected_chromedriver!GetHandleVerifier [0x10548b9+2785c9]
	undetected_chromedriver!GetHandleVerifier [0x104feb5+273bc5]
	undetected_chromedriver!GetHandleVerifier [0x106e06b+291d7b]
	undetected_chromedriver!GetHandleVerifier [0xe05cc8+299d8]
	undetected_chromedriver!GetHandleVerifier [0xe0d9fd+3170d]
	undetected_chromedriver!(No symbol) [0xba4ee9]
	undetected_chromedriver!(No symbol) [0xba4530]
	undetected_chromedriver!GetHandleVerifier [0x11a2e9f+3c6baf]
	KERNEL32!BaseThreadInitThunk [0x76f75d49+19]
	ntdll!RtlInitializeExceptionChain [0x7722d81b+6b]
	ntdll!RtlGetAppContainerNamedObjectPath [0x7722d7a1+231]

2026-03-24 23:37:20,294 | INFO | Instagram: scrapeando post 87/120 -> https://www.instagram.com/calivenoticias/reel/DWGBKVKjdDS/
2026-03-24 23:37:20,297 | WARNING | Error scrapeando post https://www.instagram.com/calivenoticias/reel/DWGBKVKjdDS/: Message: invalid session id
Stacktrace:
	undetected_chromedriver!GetHandleVerifier [0xdecdf3+10b03]
	undetected_chromedriver!GetHandleVerifier [0xdecf24+10c34]
	undetected_chromedriver!(No symbol) [0xbd1f5e]
	undetected_chromedriver!(No symbol) [0xc0f4b7]
	undetected_chromedriver!(No symbol) [0xc3d9c6]
	undetected_chromedriver!(No symbol) [0xc38e42]
	undetected_chromedriver!(No symbol) [0xc38462]
	undetected_chromedriver!(No symbol) [0xba534e]
	undetected_chromedriver!(No symbol) [0xba58ee]
	undetected_chromedriver!(No symbol) [0xba5dcd]
	undetected_chromedriver!GetHandleVerifier [0x10548b9+2785c9]
	undetected_chromedriver!GetHandleVerifier [0x104feb5+273bc5]
	undetected_chromedriver!GetHandleVerifier [0x106e06b+291d7b]
	undetected_chromedriver!GetHandleVerifier [0xe05cc8+299d8]
	undetected_chromedriver!GetHandleVerifier [0xe0d9fd+3170d]
	undetected_chromedriver!(No symbol) [0xba4ee9]
	undetected_chromedriver!(No symbol) [0xba4530]
	undetected_chromedriver!GetHandleVerifier [0x11a2e9f+3c6baf]
	KERNEL32!BaseThreadInitThunk [0x76f75d49+19]
	ntdll!RtlInitializeExceptionChain [0x7722d81b+6b]
	ntdll!RtlGetAppContainerNamedObjectPath [0x7722d7a1+231]

2026-03-24 23:37:20,297 | INFO | Instagram: scrapeando post 88/120 -> https://www.instagram.com/calivenoticias/p/DWFd1R_iYrw/
2026-03-24 23:37:20,300 | WARNING | Error scrapeando post https://www.instagram.com/calivenoticias/p/DWFd1R_iYrw/: Message: invalid session id
Stacktrace:
	undetected_chromedriver!GetHandleVerifier [0xdecdf3+10b03]
	undetected_chromedriver!GetHandleVerifier [0xdecf24+10c34]
	undetected_chromedriver!(No symbol) [0xbd1f5e]
	undetected_chromedriver!(No symbol) [0xc0f4b7]
	undetected_chromedriver!(No symbol) [0xc3d9c6]
	undetected_chromedriver!(No symbol) [0xc38e42]
	undetected_chromedriver!(No symbol) [0xc38462]
	undetected_chromedriver!(No symbol) [0xba534e]
	undetected_chromedriver!(No symbol) [0xba58ee]
	undetected_chromedriver!(No symbol) [0xba5dcd]
	undetected_chromedriver!GetHandleVerifier [0x10548b9+2785c9]
	undetected_chromedriver!GetHandleVerifier [0x104feb5+273bc5]
	undetected_chromedriver!GetHandleVerifier [0x106e06b+291d7b]
	undetected_chromedriver!GetHandleVerifier [0xe05cc8+299d8]
	undetected_chromedriver!GetHandleVerifier [0xe0d9fd+3170d]
	undetected_chromedriver!(No symbol) [0xba4ee9]
	undetected_chromedriver!(No symbol) [0xba4530]
	undetected_chromedriver!GetHandleVerifier [0x11a2e9f+3c6baf]
	KERNEL32!BaseThreadInitThunk [0x76f75d49+19]
	ntdll!RtlInitializeExceptionChain [0x7722d81b+6b]
	ntdll!RtlGetAppContainerNamedObjectPath [0x7722d7a1+231]

2026-03-24 23:37:20,300 | INFO | Instagram: scrapeando post 89/120 -> https://www.instagram.com/calivenoticias/reel/DWEoxafkVUS/
2026-03-24 23:37:20,303 | WARNING | Error scrapeando post https://www.instagram.com/calivenoticias/reel/DWEoxafkVUS/: Message: invalid session id
Stacktrace:
	undetected_chromedriver!GetHandleVerifier [0xdecdf3+10b03]
	undetected_chromedriver!GetHandleVerifier [0xdecf24+10c34]
	undetected_chromedriver!(No symbol) [0xbd1f5e]
	undetected_chromedriver!(No symbol) [0xc0f4b7]
	undetected_chromedriver!(No symbol) [0xc3d9c6]
	undetected_chromedriver!(No symbol) [0xc38e42]
	undetected_chromedriver!(No symbol) [0xc38462]
	undetected_chromedriver!(No symbol) [0xba534e]
	undetected_chromedriver!(No symbol) [0xba58ee]
	undetected_chromedriver!(No symbol) [0xba5dcd]
	undetected_chromedriver!GetHandleVerifier [0x10548b9+2785c9]
	undetected_chromedriver!GetHandleVerifier [0x104feb5+273bc5]
	undetected_chromedriver!GetHandleVerifier [0x106e06b+291d7b]
	undetected_chromedriver!GetHandleVerifier [0xe05cc8+299d8]
	undetected_chromedriver!GetHandleVerifier [0xe0d9fd+3170d]
	undetected_chromedriver!(No symbol) [0xba4ee9]
	undetected_chromedriver!(No symbol) [0xba4530]
	undetected_chromedriver!GetHandleVerifier [0x11a2e9f+3c6baf]
	KERNEL32!BaseThreadInitThunk [0x76f75d49+19]
	ntdll!RtlInitializeExceptionChain [0x7722d81b+6b]
	ntdll!RtlGetAppContainerNamedObjectPath [0x7722d7a1+231]

2026-03-24 23:37:20,303 | INFO | Instagram: scrapeando post 90/120 -> https://www.instagram.com/calivenoticias/reel/DV44vEzjY4l/
2026-03-24 23:37:20,306 | WARNING | Error scrapeando post https://www.instagram.com/calivenoticias/reel/DV44vEzjY4l/: Message: invalid session id
Stacktrace:
	undetected_chromedriver!GetHandleVerifier [0xdecdf3+10b03]
	undetected_chromedriver!GetHandleVerifier [0xdecf24+10c34]
	undetected_chromedriver!(No symbol) [0xbd1f5e]
	undetected_chromedriver!(No symbol) [0xc0f4b7]
	undetected_chromedriver!(No symbol) [0xc3d9c6]
	undetected_chromedriver!(No symbol) [0xc38e42]
	undetected_chromedriver!(No symbol) [0xc38462]
	undetected_chromedriver!(No symbol) [0xba534e]
	undetected_chromedriver!(No symbol) [0xba58ee]
	undetected_chromedriver!(No symbol) [0xba5dcd]
	undetected_chromedriver!GetHandleVerifier [0x10548b9+2785c9]
	undetected_chromedriver!GetHandleVerifier [0x104feb5+273bc5]
	undetected_chromedriver!GetHandleVerifier [0x106e06b+291d7b]
	undetected_chromedriver!GetHandleVerifier [0xe05cc8+299d8]
	undetected_chromedriver!GetHandleVerifier [0xe0d9fd+3170d]
	undetected_chromedriver!(No symbol) [0xba4ee9]
	undetected_chromedriver!(No symbol) [0xba4530]
	undetected_chromedriver!GetHandleVerifier [0x11a2e9f+3c6baf]
	KERNEL32!BaseThreadInitThunk [0x76f75d49+19]
	ntdll!RtlInitializeExceptionChain [0x7722d81b+6b]
	ntdll!RtlGetAppContainerNamedObjectPath [0x7722d7a1+231]

2026-03-24 23:37:20,306 | INFO | Instagram: scrapeando post 91/120 -> https://www.instagram.com/calivenoticias/p/DV4j29IiWGO/
2026-03-24 23:37:20,309 | WARNING | Error scrapeando post https://www.instagram.com/calivenoticias/p/DV4j29IiWGO/: Message: invalid session id
Stacktrace:
	undetected_chromedriver!GetHandleVerifier [0xdecdf3+10b03]
	undetected_chromedriver!GetHandleVerifier [0xdecf24+10c34]
	undetected_chromedriver!(No symbol) [0xbd1f5e]
	undetected_chromedriver!(No symbol) [0xc0f4b7]
	undetected_chromedriver!(No symbol) [0xc3d9c6]
	undetected_chromedriver!(No symbol) [0xc38e42]
	undetected_chromedriver!(No symbol) [0xc38462]
	undetected_chromedriver!(No symbol) [0xba534e]
	undetected_chromedriver!(No symbol) [0xba58ee]
	undetected_chromedriver!(No symbol) [0xba5dcd]
	undetected_chromedriver!GetHandleVerifier [0x10548b9+2785c9]
	undetected_chromedriver!GetHandleVerifier [0x104feb5+273bc5]
	undetected_chromedriver!GetHandleVerifier [0x106e06b+291d7b]
	undetected_chromedriver!GetHandleVerifier [0xe05cc8+299d8]
	undetected_chromedriver!GetHandleVerifier [0xe0d9fd+3170d]
	undetected_chromedriver!(No symbol) [0xba4ee9]
	undetected_chromedriver!(No symbol) [0xba4530]
	undetected_chromedriver!GetHandleVerifier [0x11a2e9f+3c6baf]
	KERNEL32!BaseThreadInitThunk [0x76f75d49+19]
	ntdll!RtlInitializeExceptionChain [0x7722d81b+6b]
	ntdll!RtlGetAppContainerNamedObjectPath [0x7722d7a1+231]

2026-03-24 23:37:20,310 | INFO | Instagram: scrapeando post 92/120 -> https://www.instagram.com/calivenoticias/reel/DV4h_3FiTqV/
2026-03-24 23:37:20,314 | WARNING | Error scrapeando post https://www.instagram.com/calivenoticias/reel/DV4h_3FiTqV/: Message: invalid session id
Stacktrace:
	undetected_chromedriver!GetHandleVerifier [0xdecdf3+10b03]
	undetected_chromedriver!GetHandleVerifier [0xdecf24+10c34]
	undetected_chromedriver!(No symbol) [0xbd1f5e]
	undetected_chromedriver!(No symbol) [0xc0f4b7]
	undetected_chromedriver!(No symbol) [0xc3d9c6]
	undetected_chromedriver!(No symbol) [0xc38e42]
	undetected_chromedriver!(No symbol) [0xc38462]
	undetected_chromedriver!(No symbol) [0xba534e]
	undetected_chromedriver!(No symbol) [0xba58ee]
	undetected_chromedriver!(No symbol) [0xba5dcd]
	undetected_chromedriver!GetHandleVerifier [0x10548b9+2785c9]
	undetected_chromedriver!GetHandleVerifier [0x104feb5+273bc5]
	undetected_chromedriver!GetHandleVerifier [0x106e06b+291d7b]
	undetected_chromedriver!GetHandleVerifier [0xe05cc8+299d8]
	undetected_chromedriver!GetHandleVerifier [0xe0d9fd+3170d]
	undetected_chromedriver!(No symbol) [0xba4ee9]
	undetected_chromedriver!(No symbol) [0xba4530]
	undetected_chromedriver!GetHandleVerifier [0x11a2e9f+3c6baf]
	KERNEL32!BaseThreadInitThunk [0x76f75d49+19]
	ntdll!RtlInitializeExceptionChain [0x7722d81b+6b]
	ntdll!RtlGetAppContainerNamedObjectPath [0x7722d7a1+231]

2026-03-24 23:37:20,314 | INFO | Instagram: scrapeando post 93/120 -> https://www.instagram.com/calivenoticias/reel/DV4MZ2ACemx/
2026-03-24 23:37:20,315 | WARNING | Error scrapeando post https://www.instagram.com/calivenoticias/reel/DV4MZ2ACemx/: Message: invalid session id
Stacktrace:
	undetected_chromedriver!GetHandleVerifier [0xdecdf3+10b03]
	undetected_chromedriver!GetHandleVerifier [0xdecf24+10c34]
	undetected_chromedriver!(No symbol) [0xbd1f5e]
	undetected_chromedriver!(No symbol) [0xc0f4b7]
	undetected_chromedriver!(No symbol) [0xc3d9c6]
	undetected_chromedriver!(No symbol) [0xc38e42]
	undetected_chromedriver!(No symbol) [0xc38462]
	undetected_chromedriver!(No symbol) [0xba534e]
	undetected_chromedriver!(No symbol) [0xba58ee]
	undetected_chromedriver!(No symbol) [0xba5dcd]
	undetected_chromedriver!GetHandleVerifier [0x10548b9+2785c9]
	undetected_chromedriver!GetHandleVerifier [0x104feb5+273bc5]
	undetected_chromedriver!GetHandleVerifier [0x106e06b+291d7b]
	undetected_chromedriver!GetHandleVerifier [0xe05cc8+299d8]
	undetected_chromedriver!GetHandleVerifier [0xe0d9fd+3170d]
	undetected_chromedriver!(No symbol) [0xba4ee9]
	undetected_chromedriver!(No symbol) [0xba4530]
	undetected_chromedriver!GetHandleVerifier [0x11a2e9f+3c6baf]
	KERNEL32!BaseThreadInitThunk [0x76f75d49+19]
	ntdll!RtlInitializeExceptionChain [0x7722d81b+6b]
	ntdll!RtlGetAppContainerNamedObjectPath [0x7722d7a1+231]

2026-03-24 23:37:20,317 | INFO | Instagram: scrapeando post 94/120 -> https://www.instagram.com/calivenoticias/reel/DV4ILk4iQ0G/
2026-03-24 23:37:20,320 | WARNING | Error scrapeando post https://www.instagram.com/calivenoticias/reel/DV4ILk4iQ0G/: Message: invalid session id
Stacktrace:
	undetected_chromedriver!GetHandleVerifier [0xdecdf3+10b03]
	undetected_chromedriver!GetHandleVerifier [0xdecf24+10c34]
	undetected_chromedriver!(No symbol) [0xbd1f5e]
	undetected_chromedriver!(No symbol) [0xc0f4b7]
	undetected_chromedriver!(No symbol) [0xc3d9c6]
	undetected_chromedriver!(No symbol) [0xc38e42]
	undetected_chromedriver!(No symbol) [0xc38462]
	undetected_chromedriver!(No symbol) [0xba534e]
	undetected_chromedriver!(No symbol) [0xba58ee]
	undetected_chromedriver!(No symbol) [0xba5dcd]
	undetected_chromedriver!GetHandleVerifier [0x10548b9+2785c9]
	undetected_chromedriver!GetHandleVerifier [0x104feb5+273bc5]
	undetected_chromedriver!GetHandleVerifier [0x106e06b+291d7b]
	undetected_chromedriver!GetHandleVerifier [0xe05cc8+299d8]
	undetected_chromedriver!GetHandleVerifier [0xe0d9fd+3170d]
	undetected_chromedriver!(No symbol) [0xba4ee9]
	undetected_chromedriver!(No symbol) [0xba4530]
	undetected_chromedriver!GetHandleVerifier [0x11a2e9f+3c6baf]
	KERNEL32!BaseThreadInitThunk [0x76f75d49+19]
	ntdll!RtlInitializeExceptionChain [0x7722d81b+6b]
	ntdll!RtlGetAppContainerNamedObjectPath [0x7722d7a1+231]

2026-03-24 23:37:20,320 | INFO | Instagram: scrapeando post 95/120 -> https://www.instagram.com/calivenoticias/p/DV14ujHiZGC/
2026-03-24 23:37:20,322 | WARNING | Error scrapeando post https://www.instagram.com/calivenoticias/p/DV14ujHiZGC/: Message: invalid session id
Stacktrace:
	undetected_chromedriver!GetHandleVerifier [0xdecdf3+10b03]
	undetected_chromedriver!GetHandleVerifier [0xdecf24+10c34]
	undetected_chromedriver!(No symbol) [0xbd1f5e]
	undetected_chromedriver!(No symbol) [0xc0f4b7]
	undetected_chromedriver!(No symbol) [0xc3d9c6]
	undetected_chromedriver!(No symbol) [0xc38e42]
	undetected_chromedriver!(No symbol) [0xc38462]
	undetected_chromedriver!(No symbol) [0xba534e]
	undetected_chromedriver!(No symbol) [0xba58ee]
	undetected_chromedriver!(No symbol) [0xba5dcd]
	undetected_chromedriver!GetHandleVerifier [0x10548b9+2785c9]
	undetected_chromedriver!GetHandleVerifier [0x104feb5+273bc5]
	undetected_chromedriver!GetHandleVerifier [0x106e06b+291d7b]
	undetected_chromedriver!GetHandleVerifier [0xe05cc8+299d8]
	undetected_chromedriver!GetHandleVerifier [0xe0d9fd+3170d]
	undetected_chromedriver!(No symbol) [0xba4ee9]
	undetected_chromedriver!(No symbol) [0xba4530]
	undetected_chromedriver!GetHandleVerifier [0x11a2e9f+3c6baf]
	KERNEL32!BaseThreadInitThunk [0x76f75d49+19]
	ntdll!RtlInitializeExceptionChain [0x7722d81b+6b]
	ntdll!RtlGetAppContainerNamedObjectPath [0x7722d7a1+231]

2026-03-24 23:37:20,324 | INFO | Instagram: scrapeando post 96/120 -> https://www.instagram.com/calivenoticias/reel/DV1sYi-iSII/
2026-03-24 23:37:20,326 | WARNING | Error scrapeando post https://www.instagram.com/calivenoticias/reel/DV1sYi-iSII/: Message: invalid session id
Stacktrace:
	undetected_chromedriver!GetHandleVerifier [0xdecdf3+10b03]
	undetected_chromedriver!GetHandleVerifier [0xdecf24+10c34]
	undetected_chromedriver!(No symbol) [0xbd1f5e]
	undetected_chromedriver!(No symbol) [0xc0f4b7]
	undetected_chromedriver!(No symbol) [0xc3d9c6]
	undetected_chromedriver!(No symbol) [0xc38e42]
	undetected_chromedriver!(No symbol) [0xc38462]
	undetected_chromedriver!(No symbol) [0xba534e]
	undetected_chromedriver!(No symbol) [0xba58ee]
	undetected_chromedriver!(No symbol) [0xba5dcd]
	undetected_chromedriver!GetHandleVerifier [0x10548b9+2785c9]
	undetected_chromedriver!GetHandleVerifier [0x104feb5+273bc5]
	undetected_chromedriver!GetHandleVerifier [0x106e06b+291d7b]
	undetected_chromedriver!GetHandleVerifier [0xe05cc8+299d8]
	undetected_chromedriver!GetHandleVerifier [0xe0d9fd+3170d]
	undetected_chromedriver!(No symbol) [0xba4ee9]
	undetected_chromedriver!(No symbol) [0xba4530]
	undetected_chromedriver!GetHandleVerifier [0x11a2e9f+3c6baf]
	KERNEL32!BaseThreadInitThunk [0x76f75d49+19]
	ntdll!RtlInitializeExceptionChain [0x7722d81b+6b]
	ntdll!RtlGetAppContainerNamedObjectPath [0x7722d7a1+231]

2026-03-24 23:37:20,327 | INFO | Instagram: scrapeando post 97/120 -> https://www.instagram.com/quepasaencali/p/DWSoOmoDC0t/
2026-03-24 23:37:20,330 | WARNING | Error scrapeando post https://www.instagram.com/quepasaencali/p/DWSoOmoDC0t/: Message: invalid session id
Stacktrace:
	undetected_chromedriver!GetHandleVerifier [0xdecdf3+10b03]
	undetected_chromedriver!GetHandleVerifier [0xdecf24+10c34]
	undetected_chromedriver!(No symbol) [0xbd1f5e]
	undetected_chromedriver!(No symbol) [0xc0f4b7]
	undetected_chromedriver!(No symbol) [0xc3d9c6]
	undetected_chromedriver!(No symbol) [0xc38e42]
	undetected_chromedriver!(No symbol) [0xc38462]
	undetected_chromedriver!(No symbol) [0xba534e]
	undetected_chromedriver!(No symbol) [0xba58ee]
	undetected_chromedriver!(No symbol) [0xba5dcd]
	undetected_chromedriver!GetHandleVerifier [0x10548b9+2785c9]
	undetected_chromedriver!GetHandleVerifier [0x104feb5+273bc5]
	undetected_chromedriver!GetHandleVerifier [0x106e06b+291d7b]
	undetected_chromedriver!GetHandleVerifier [0xe05cc8+299d8]
	undetected_chromedriver!GetHandleVerifier [0xe0d9fd+3170d]
	undetected_chromedriver!(No symbol) [0xba4ee9]
	undetected_chromedriver!(No symbol) [0xba4530]
	undetected_chromedriver!GetHandleVerifier [0x11a2e9f+3c6baf]
	KERNEL32!BaseThreadInitThunk [0x76f75d49+19]
	ntdll!RtlInitializeExceptionChain [0x7722d81b+6b]
	ntdll!RtlGetAppContainerNamedObjectPath [0x7722d7a1+231]

2026-03-24 23:37:20,330 | INFO | Instagram: scrapeando post 98/120 -> https://www.instagram.com/quepasaencali/p/DWSV7LRDJxa/
2026-03-24 23:37:20,332 | WARNING | Error scrapeando post https://www.instagram.com/quepasaencali/p/DWSV7LRDJxa/: Message: invalid session id
Stacktrace:
	undetected_chromedriver!GetHandleVerifier [0xdecdf3+10b03]
	undetected_chromedriver!GetHandleVerifier [0xdecf24+10c34]
	undetected_chromedriver!(No symbol) [0xbd1f5e]
	undetected_chromedriver!(No symbol) [0xc0f4b7]
	undetected_chromedriver!(No symbol) [0xc3d9c6]
	undetected_chromedriver!(No symbol) [0xc38e42]
	undetected_chromedriver!(No symbol) [0xc38462]
	undetected_chromedriver!(No symbol) [0xba534e]
	undetected_chromedriver!(No symbol) [0xba58ee]
	undetected_chromedriver!(No symbol) [0xba5dcd]
	undetected_chromedriver!GetHandleVerifier [0x10548b9+2785c9]
	undetected_chromedriver!GetHandleVerifier [0x104feb5+273bc5]
	undetected_chromedriver!GetHandleVerifier [0x106e06b+291d7b]
	undetected_chromedriver!GetHandleVerifier [0xe05cc8+299d8]
	undetected_chromedriver!GetHandleVerifier [0xe0d9fd+3170d]
	undetected_chromedriver!(No symbol) [0xba4ee9]
	undetected_chromedriver!(No symbol) [0xba4530]
	undetected_chromedriver!GetHandleVerifier [0x11a2e9f+3c6baf]
	KERNEL32!BaseThreadInitThunk [0x76f75d49+19]
	ntdll!RtlInitializeExceptionChain [0x7722d81b+6b]
	ntdll!RtlGetAppContainerNamedObjectPath [0x7722d7a1+231]

2026-03-24 23:37:20,332 | INFO | Instagram: scrapeando post 99/120 -> https://www.instagram.com/quepasaencali/p/DWSOsZXmSWW/
2026-03-24 23:37:20,334 | WARNING | Error scrapeando post https://www.instagram.com/quepasaencali/p/DWSOsZXmSWW/: Message: invalid session id
Stacktrace:
	undetected_chromedriver!GetHandleVerifier [0xdecdf3+10b03]
	undetected_chromedriver!GetHandleVerifier [0xdecf24+10c34]
	undetected_chromedriver!(No symbol) [0xbd1f5e]
	undetected_chromedriver!(No symbol) [0xc0f4b7]
	undetected_chromedriver!(No symbol) [0xc3d9c6]
	undetected_chromedriver!(No symbol) [0xc38e42]
	undetected_chromedriver!(No symbol) [0xc38462]
	undetected_chromedriver!(No symbol) [0xba534e]
	undetected_chromedriver!(No symbol) [0xba58ee]
	undetected_chromedriver!(No symbol) [0xba5dcd]
	undetected_chromedriver!GetHandleVerifier [0x10548b9+2785c9]
	undetected_chromedriver!GetHandleVerifier [0x104feb5+273bc5]
	undetected_chromedriver!GetHandleVerifier [0x106e06b+291d7b]
	undetected_chromedriver!GetHandleVerifier [0xe05cc8+299d8]
	undetected_chromedriver!GetHandleVerifier [0xe0d9fd+3170d]
	undetected_chromedriver!(No symbol) [0xba4ee9]
	undetected_chromedriver!(No symbol) [0xba4530]
	undetected_chromedriver!GetHandleVerifier [0x11a2e9f+3c6baf]
	KERNEL32!BaseThreadInitThunk [0x76f75d49+19]
	ntdll!RtlInitializeExceptionChain [0x7722d81b+6b]
	ntdll!RtlGetAppContainerNamedObjectPath [0x7722d7a1+231]

2026-03-24 23:37:20,335 | INFO | Instagram: scrapeando post 100/120 -> https://www.instagram.com/quepasaencali/p/DWSJwPJl7pk/
2026-03-24 23:37:20,338 | WARNING | Error scrapeando post https://www.instagram.com/quepasaencali/p/DWSJwPJl7pk/: Message: invalid session id
Stacktrace:
	undetected_chromedriver!GetHandleVerifier [0xdecdf3+10b03]
	undetected_chromedriver!GetHandleVerifier [0xdecf24+10c34]
	undetected_chromedriver!(No symbol) [0xbd1f5e]
	undetected_chromedriver!(No symbol) [0xc0f4b7]
	undetected_chromedriver!(No symbol) [0xc3d9c6]
	undetected_chromedriver!(No symbol) [0xc38e42]
	undetected_chromedriver!(No symbol) [0xc38462]
	undetected_chromedriver!(No symbol) [0xba534e]
	undetected_chromedriver!(No symbol) [0xba58ee]
	undetected_chromedriver!(No symbol) [0xba5dcd]
	undetected_chromedriver!GetHandleVerifier [0x10548b9+2785c9]
	undetected_chromedriver!GetHandleVerifier [0x104feb5+273bc5]
	undetected_chromedriver!GetHandleVerifier [0x106e06b+291d7b]
	undetected_chromedriver!GetHandleVerifier [0xe05cc8+299d8]
	undetected_chromedriver!GetHandleVerifier [0xe0d9fd+3170d]
	undetected_chromedriver!(No symbol) [0xba4ee9]
	undetected_chromedriver!(No symbol) [0xba4530]
	undetected_chromedriver!GetHandleVerifier [0x11a2e9f+3c6baf]
	KERNEL32!BaseThreadInitThunk [0x76f75d49+19]
	ntdll!RtlInitializeExceptionChain [0x7722d81b+6b]
	ntdll!RtlGetAppContainerNamedObjectPath [0x7722d7a1+231]

2026-03-24 23:37:20,338 | INFO | Instagram: scrapeando post 101/120 -> https://www.instagram.com/quepasaencali/p/DWSHRP8mVVV/
2026-03-24 23:37:20,340 | WARNING | Error scrapeando post https://www.instagram.com/quepasaencali/p/DWSHRP8mVVV/: Message: invalid session id
Stacktrace:
	undetected_chromedriver!GetHandleVerifier [0xdecdf3+10b03]
	undetected_chromedriver!GetHandleVerifier [0xdecf24+10c34]
	undetected_chromedriver!(No symbol) [0xbd1f5e]
	undetected_chromedriver!(No symbol) [0xc0f4b7]
	undetected_chromedriver!(No symbol) [0xc3d9c6]
	undetected_chromedriver!(No symbol) [0xc38e42]
	undetected_chromedriver!(No symbol) [0xc38462]
	undetected_chromedriver!(No symbol) [0xba534e]
	undetected_chromedriver!(No symbol) [0xba58ee]
	undetected_chromedriver!(No symbol) [0xba5dcd]
	undetected_chromedriver!GetHandleVerifier [0x10548b9+2785c9]
	undetected_chromedriver!GetHandleVerifier [0x104feb5+273bc5]
	undetected_chromedriver!GetHandleVerifier [0x106e06b+291d7b]
	undetected_chromedriver!GetHandleVerifier [0xe05cc8+299d8]
	undetected_chromedriver!GetHandleVerifier [0xe0d9fd+3170d]
	undetected_chromedriver!(No symbol) [0xba4ee9]
	undetected_chromedriver!(No symbol) [0xba4530]
	undetected_chromedriver!GetHandleVerifier [0x11a2e9f+3c6baf]
	KERNEL32!BaseThreadInitThunk [0x76f75d49+19]
	ntdll!RtlInitializeExceptionChain [0x7722d81b+6b]
	ntdll!RtlGetAppContainerNamedObjectPath [0x7722d7a1+231]

2026-03-24 23:37:20,340 | INFO | Instagram: scrapeando post 102/120 -> https://www.instagram.com/quepasaencali/p/DWSECtWmfwQ/
2026-03-24 23:37:20,343 | WARNING | Error scrapeando post https://www.instagram.com/quepasaencali/p/DWSECtWmfwQ/: Message: invalid session id
Stacktrace:
	undetected_chromedriver!GetHandleVerifier [0xdecdf3+10b03]
	undetected_chromedriver!GetHandleVerifier [0xdecf24+10c34]
	undetected_chromedriver!(No symbol) [0xbd1f5e]
	undetected_chromedriver!(No symbol) [0xc0f4b7]
	undetected_chromedriver!(No symbol) [0xc3d9c6]
	undetected_chromedriver!(No symbol) [0xc38e42]
	undetected_chromedriver!(No symbol) [0xc38462]
	undetected_chromedriver!(No symbol) [0xba534e]
	undetected_chromedriver!(No symbol) [0xba58ee]
	undetected_chromedriver!(No symbol) [0xba5dcd]
	undetected_chromedriver!GetHandleVerifier [0x10548b9+2785c9]
	undetected_chromedriver!GetHandleVerifier [0x104feb5+273bc5]
	undetected_chromedriver!GetHandleVerifier [0x106e06b+291d7b]
	undetected_chromedriver!GetHandleVerifier [0xe05cc8+299d8]
	undetected_chromedriver!GetHandleVerifier [0xe0d9fd+3170d]
	undetected_chromedriver!(No symbol) [0xba4ee9]
	undetected_chromedriver!(No symbol) [0xba4530]
	undetected_chromedriver!GetHandleVerifier [0x11a2e9f+3c6baf]
	KERNEL32!BaseThreadInitThunk [0x76f75d49+19]
	ntdll!RtlInitializeExceptionChain [0x7722d81b+6b]
	ntdll!RtlGetAppContainerNamedObjectPath [0x7722d7a1+231]

2026-03-24 23:37:20,343 | INFO | Instagram: scrapeando post 103/120 -> https://www.instagram.com/quepasaencali/p/DWR7oRYDOpD/
2026-03-24 23:37:20,346 | WARNING | Error scrapeando post https://www.instagram.com/quepasaencali/p/DWR7oRYDOpD/: Message: invalid session id
Stacktrace:
	undetected_chromedriver!GetHandleVerifier [0xdecdf3+10b03]
	undetected_chromedriver!GetHandleVerifier [0xdecf24+10c34]
	undetected_chromedriver!(No symbol) [0xbd1f5e]
	undetected_chromedriver!(No symbol) [0xc0f4b7]
	undetected_chromedriver!(No symbol) [0xc3d9c6]
	undetected_chromedriver!(No symbol) [0xc38e42]
	undetected_chromedriver!(No symbol) [0xc38462]
	undetected_chromedriver!(No symbol) [0xba534e]
	undetected_chromedriver!(No symbol) [0xba58ee]
	undetected_chromedriver!(No symbol) [0xba5dcd]
	undetected_chromedriver!GetHandleVerifier [0x10548b9+2785c9]
	undetected_chromedriver!GetHandleVerifier [0x104feb5+273bc5]
	undetected_chromedriver!GetHandleVerifier [0x106e06b+291d7b]
	undetected_chromedriver!GetHandleVerifier [0xe05cc8+299d8]
	undetected_chromedriver!GetHandleVerifier [0xe0d9fd+3170d]
	undetected_chromedriver!(No symbol) [0xba4ee9]
	undetected_chromedriver!(No symbol) [0xba4530]
	undetected_chromedriver!GetHandleVerifier [0x11a2e9f+3c6baf]
	KERNEL32!BaseThreadInitThunk [0x76f75d49+19]
	ntdll!RtlInitializeExceptionChain [0x7722d81b+6b]
	ntdll!RtlGetAppContainerNamedObjectPath [0x7722d7a1+231]

2026-03-24 23:37:20,346 | INFO | Instagram: scrapeando post 104/120 -> https://www.instagram.com/quepasaencali/p/DWRm1R3EQ8I/
2026-03-24 23:37:20,349 | WARNING | Error scrapeando post https://www.instagram.com/quepasaencali/p/DWRm1R3EQ8I/: Message: invalid session id
Stacktrace:
	undetected_chromedriver!GetHandleVerifier [0xdecdf3+10b03]
	undetected_chromedriver!GetHandleVerifier [0xdecf24+10c34]
	undetected_chromedriver!(No symbol) [0xbd1f5e]
	undetected_chromedriver!(No symbol) [0xc0f4b7]
	undetected_chromedriver!(No symbol) [0xc3d9c6]
	undetected_chromedriver!(No symbol) [0xc38e42]
	undetected_chromedriver!(No symbol) [0xc38462]
	undetected_chromedriver!(No symbol) [0xba534e]
	undetected_chromedriver!(No symbol) [0xba58ee]
	undetected_chromedriver!(No symbol) [0xba5dcd]
	undetected_chromedriver!GetHandleVerifier [0x10548b9+2785c9]
	undetected_chromedriver!GetHandleVerifier [0x104feb5+273bc5]
	undetected_chromedriver!GetHandleVerifier [0x106e06b+291d7b]
	undetected_chromedriver!GetHandleVerifier [0xe05cc8+299d8]
	undetected_chromedriver!GetHandleVerifier [0xe0d9fd+3170d]
	undetected_chromedriver!(No symbol) [0xba4ee9]
	undetected_chromedriver!(No symbol) [0xba4530]
	undetected_chromedriver!GetHandleVerifier [0x11a2e9f+3c6baf]
	KERNEL32!BaseThreadInitThunk [0x76f75d49+19]
	ntdll!RtlInitializeExceptionChain [0x7722d81b+6b]
	ntdll!RtlGetAppContainerNamedObjectPath [0x7722d7a1+231]

2026-03-24 23:37:20,349 | INFO | Instagram: scrapeando post 105/120 -> https://www.instagram.com/quepasaencali/p/DWRfesCjTYx/
2026-03-24 23:37:20,351 | WARNING | Error scrapeando post https://www.instagram.com/quepasaencali/p/DWRfesCjTYx/: Message: invalid session id
Stacktrace:
	undetected_chromedriver!GetHandleVerifier [0xdecdf3+10b03]
	undetected_chromedriver!GetHandleVerifier [0xdecf24+10c34]
	undetected_chromedriver!(No symbol) [0xbd1f5e]
	undetected_chromedriver!(No symbol) [0xc0f4b7]
	undetected_chromedriver!(No symbol) [0xc3d9c6]
	undetected_chromedriver!(No symbol) [0xc38e42]
	undetected_chromedriver!(No symbol) [0xc38462]
	undetected_chromedriver!(No symbol) [0xba534e]
	undetected_chromedriver!(No symbol) [0xba58ee]
	undetected_chromedriver!(No symbol) [0xba5dcd]
	undetected_chromedriver!GetHandleVerifier [0x10548b9+2785c9]
	undetected_chromedriver!GetHandleVerifier [0x104feb5+273bc5]
	undetected_chromedriver!GetHandleVerifier [0x106e06b+291d7b]
	undetected_chromedriver!GetHandleVerifier [0xe05cc8+299d8]
	undetected_chromedriver!GetHandleVerifier [0xe0d9fd+3170d]
	undetected_chromedriver!(No symbol) [0xba4ee9]
	undetected_chromedriver!(No symbol) [0xba4530]
	undetected_chromedriver!GetHandleVerifier [0x11a2e9f+3c6baf]
	KERNEL32!BaseThreadInitThunk [0x76f75d49+19]
	ntdll!RtlInitializeExceptionChain [0x7722d81b+6b]
	ntdll!RtlGetAppContainerNamedObjectPath [0x7722d7a1+231]

2026-03-24 23:37:20,351 | INFO | Instagram: scrapeando post 106/120 -> https://www.instagram.com/quepasaencali/reel/DWPx91-DNsv/
2026-03-24 23:37:20,354 | WARNING | Error scrapeando post https://www.instagram.com/quepasaencali/reel/DWPx91-DNsv/: Message: invalid session id
Stacktrace:
	undetected_chromedriver!GetHandleVerifier [0xdecdf3+10b03]
	undetected_chromedriver!GetHandleVerifier [0xdecf24+10c34]
	undetected_chromedriver!(No symbol) [0xbd1f5e]
	undetected_chromedriver!(No symbol) [0xc0f4b7]
	undetected_chromedriver!(No symbol) [0xc3d9c6]
	undetected_chromedriver!(No symbol) [0xc38e42]
	undetected_chromedriver!(No symbol) [0xc38462]
	undetected_chromedriver!(No symbol) [0xba534e]
	undetected_chromedriver!(No symbol) [0xba58ee]
	undetected_chromedriver!(No symbol) [0xba5dcd]
	undetected_chromedriver!GetHandleVerifier [0x10548b9+2785c9]
	undetected_chromedriver!GetHandleVerifier [0x104feb5+273bc5]
	undetected_chromedriver!GetHandleVerifier [0x106e06b+291d7b]
	undetected_chromedriver!GetHandleVerifier [0xe05cc8+299d8]
	undetected_chromedriver!GetHandleVerifier [0xe0d9fd+3170d]
	undetected_chromedriver!(No symbol) [0xba4ee9]
	undetected_chromedriver!(No symbol) [0xba4530]
	undetected_chromedriver!GetHandleVerifier [0x11a2e9f+3c6baf]
	KERNEL32!BaseThreadInitThunk [0x76f75d49+19]
	ntdll!RtlInitializeExceptionChain [0x7722d81b+6b]
	ntdll!RtlGetAppContainerNamedObjectPath [0x7722d7a1+231]

2026-03-24 23:37:20,354 | INFO | Instagram: scrapeando post 107/120 -> https://www.instagram.com/quepasaencali/p/DWPif6Oma6v/
2026-03-24 23:37:20,356 | WARNING | Error scrapeando post https://www.instagram.com/quepasaencali/p/DWPif6Oma6v/: Message: invalid session id
Stacktrace:
	undetected_chromedriver!GetHandleVerifier [0xdecdf3+10b03]
	undetected_chromedriver!GetHandleVerifier [0xdecf24+10c34]
	undetected_chromedriver!(No symbol) [0xbd1f5e]
	undetected_chromedriver!(No symbol) [0xc0f4b7]
	undetected_chromedriver!(No symbol) [0xc3d9c6]
	undetected_chromedriver!(No symbol) [0xc38e42]
	undetected_chromedriver!(No symbol) [0xc38462]
	undetected_chromedriver!(No symbol) [0xba534e]
	undetected_chromedriver!(No symbol) [0xba58ee]
	undetected_chromedriver!(No symbol) [0xba5dcd]
	undetected_chromedriver!GetHandleVerifier [0x10548b9+2785c9]
	undetected_chromedriver!GetHandleVerifier [0x104feb5+273bc5]
	undetected_chromedriver!GetHandleVerifier [0x106e06b+291d7b]
	undetected_chromedriver!GetHandleVerifier [0xe05cc8+299d8]
	undetected_chromedriver!GetHandleVerifier [0xe0d9fd+3170d]
	undetected_chromedriver!(No symbol) [0xba4ee9]
	undetected_chromedriver!(No symbol) [0xba4530]
	undetected_chromedriver!GetHandleVerifier [0x11a2e9f+3c6baf]
	KERNEL32!BaseThreadInitThunk [0x76f75d49+19]
	ntdll!RtlInitializeExceptionChain [0x7722d81b+6b]
	ntdll!RtlGetAppContainerNamedObjectPath [0x7722d7a1+231]

2026-03-24 23:37:20,356 | INFO | Instagram: scrapeando post 108/120 -> https://www.instagram.com/quepasaencali/p/DWPfnxHGSrQ/
2026-03-24 23:37:20,360 | WARNING | Error scrapeando post https://www.instagram.com/quepasaencali/p/DWPfnxHGSrQ/: Message: invalid session id
Stacktrace:
	undetected_chromedriver!GetHandleVerifier [0xdecdf3+10b03]
	undetected_chromedriver!GetHandleVerifier [0xdecf24+10c34]
	undetected_chromedriver!(No symbol) [0xbd1f5e]
	undetected_chromedriver!(No symbol) [0xc0f4b7]
	undetected_chromedriver!(No symbol) [0xc3d9c6]
	undetected_chromedriver!(No symbol) [0xc38e42]
	undetected_chromedriver!(No symbol) [0xc38462]
	undetected_chromedriver!(No symbol) [0xba534e]
	undetected_chromedriver!(No symbol) [0xba58ee]
	undetected_chromedriver!(No symbol) [0xba5dcd]
	undetected_chromedriver!GetHandleVerifier [0x10548b9+2785c9]
	undetected_chromedriver!GetHandleVerifier [0x104feb5+273bc5]
	undetected_chromedriver!GetHandleVerifier [0x106e06b+291d7b]
	undetected_chromedriver!GetHandleVerifier [0xe05cc8+299d8]
	undetected_chromedriver!GetHandleVerifier [0xe0d9fd+3170d]
	undetected_chromedriver!(No symbol) [0xba4ee9]
	undetected_chromedriver!(No symbol) [0xba4530]
	undetected_chromedriver!GetHandleVerifier [0x11a2e9f+3c6baf]
	KERNEL32!BaseThreadInitThunk [0x76f75d49+19]
	ntdll!RtlInitializeExceptionChain [0x7722d81b+6b]
	ntdll!RtlGetAppContainerNamedObjectPath [0x7722d7a1+231]

2026-03-24 23:37:20,360 | INFO | Instagram: scrapeando post 109/120 -> https://www.instagram.com/lanoticiaencali/reel/DWSiHX8DDrT/
2026-03-24 23:37:20,361 | WARNING | Error scrapeando post https://www.instagram.com/lanoticiaencali/reel/DWSiHX8DDrT/: Message: invalid session id
Stacktrace:
	undetected_chromedriver!GetHandleVerifier [0xdecdf3+10b03]
	undetected_chromedriver!GetHandleVerifier [0xdecf24+10c34]
	undetected_chromedriver!(No symbol) [0xbd1f5e]
	undetected_chromedriver!(No symbol) [0xc0f4b7]
	undetected_chromedriver!(No symbol) [0xc3d9c6]
	undetected_chromedriver!(No symbol) [0xc38e42]
	undetected_chromedriver!(No symbol) [0xc38462]
	undetected_chromedriver!(No symbol) [0xba534e]
	undetected_chromedriver!(No symbol) [0xba58ee]
	undetected_chromedriver!(No symbol) [0xba5dcd]
	undetected_chromedriver!GetHandleVerifier [0x10548b9+2785c9]
	undetected_chromedriver!GetHandleVerifier [0x104feb5+273bc5]
	undetected_chromedriver!GetHandleVerifier [0x106e06b+291d7b]
	undetected_chromedriver!GetHandleVerifier [0xe05cc8+299d8]
	undetected_chromedriver!GetHandleVerifier [0xe0d9fd+3170d]
	undetected_chromedriver!(No symbol) [0xba4ee9]
	undetected_chromedriver!(No symbol) [0xba4530]
	undetected_chromedriver!GetHandleVerifier [0x11a2e9f+3c6baf]
	KERNEL32!BaseThreadInitThunk [0x76f75d49+19]
	ntdll!RtlInitializeExceptionChain [0x7722d81b+6b]
	ntdll!RtlGetAppContainerNamedObjectPath [0x7722d7a1+231]

2026-03-24 23:37:20,362 | INFO | Instagram: scrapeando post 110/120 -> https://www.instagram.com/lanoticiaencali/reel/DWSFLlBAb4h/
2026-03-24 23:37:20,364 | WARNING | Error scrapeando post https://www.instagram.com/lanoticiaencali/reel/DWSFLlBAb4h/: Message: invalid session id
Stacktrace:
	undetected_chromedriver!GetHandleVerifier [0xdecdf3+10b03]
	undetected_chromedriver!GetHandleVerifier [0xdecf24+10c34]
	undetected_chromedriver!(No symbol) [0xbd1f5e]
	undetected_chromedriver!(No symbol) [0xc0f4b7]
	undetected_chromedriver!(No symbol) [0xc3d9c6]
	undetected_chromedriver!(No symbol) [0xc38e42]
	undetected_chromedriver!(No symbol) [0xc38462]
	undetected_chromedriver!(No symbol) [0xba534e]
	undetected_chromedriver!(No symbol) [0xba58ee]
	undetected_chromedriver!(No symbol) [0xba5dcd]
	undetected_chromedriver!GetHandleVerifier [0x10548b9+2785c9]
	undetected_chromedriver!GetHandleVerifier [0x104feb5+273bc5]
	undetected_chromedriver!GetHandleVerifier [0x106e06b+291d7b]
	undetected_chromedriver!GetHandleVerifier [0xe05cc8+299d8]
	undetected_chromedriver!GetHandleVerifier [0xe0d9fd+3170d]
	undetected_chromedriver!(No symbol) [0xba4ee9]
	undetected_chromedriver!(No symbol) [0xba4530]
	undetected_chromedriver!GetHandleVerifier [0x11a2e9f+3c6baf]
	KERNEL32!BaseThreadInitThunk [0x76f75d49+19]
	ntdll!RtlInitializeExceptionChain [0x7722d81b+6b]
	ntdll!RtlGetAppContainerNamedObjectPath [0x7722d7a1+231]

2026-03-24 23:37:20,364 | INFO | Instagram: scrapeando post 111/120 -> https://www.instagram.com/lanoticiaencali/reel/DWPAxGTATdu/
2026-03-24 23:37:20,367 | WARNING | Error scrapeando post https://www.instagram.com/lanoticiaencali/reel/DWPAxGTATdu/: Message: invalid session id
Stacktrace:
	undetected_chromedriver!GetHandleVerifier [0xdecdf3+10b03]
	undetected_chromedriver!GetHandleVerifier [0xdecf24+10c34]
	undetected_chromedriver!(No symbol) [0xbd1f5e]
	undetected_chromedriver!(No symbol) [0xc0f4b7]
	undetected_chromedriver!(No symbol) [0xc3d9c6]
	undetected_chromedriver!(No symbol) [0xc38e42]
	undetected_chromedriver!(No symbol) [0xc38462]
	undetected_chromedriver!(No symbol) [0xba534e]
	undetected_chromedriver!(No symbol) [0xba58ee]
	undetected_chromedriver!(No symbol) [0xba5dcd]
	undetected_chromedriver!GetHandleVerifier [0x10548b9+2785c9]
	undetected_chromedriver!GetHandleVerifier [0x104feb5+273bc5]
	undetected_chromedriver!GetHandleVerifier [0x106e06b+291d7b]
	undetected_chromedriver!GetHandleVerifier [0xe05cc8+299d8]
	undetected_chromedriver!GetHandleVerifier [0xe0d9fd+3170d]
	undetected_chromedriver!(No symbol) [0xba4ee9]
	undetected_chromedriver!(No symbol) [0xba4530]
	undetected_chromedriver!GetHandleVerifier [0x11a2e9f+3c6baf]
	KERNEL32!BaseThreadInitThunk [0x76f75d49+19]
	ntdll!RtlInitializeExceptionChain [0x7722d81b+6b]
	ntdll!RtlGetAppContainerNamedObjectPath [0x7722d7a1+231]

2026-03-24 23:37:20,367 | INFO | Instagram: scrapeando post 112/120 -> https://www.instagram.com/lanoticiaencali/reel/DWO_xjTARII/
2026-03-24 23:37:20,369 | WARNING | Error scrapeando post https://www.instagram.com/lanoticiaencali/reel/DWO_xjTARII/: Message: invalid session id
Stacktrace:
	undetected_chromedriver!GetHandleVerifier [0xdecdf3+10b03]
	undetected_chromedriver!GetHandleVerifier [0xdecf24+10c34]
	undetected_chromedriver!(No symbol) [0xbd1f5e]
	undetected_chromedriver!(No symbol) [0xc0f4b7]
	undetected_chromedriver!(No symbol) [0xc3d9c6]
	undetected_chromedriver!(No symbol) [0xc38e42]
	undetected_chromedriver!(No symbol) [0xc38462]
	undetected_chromedriver!(No symbol) [0xba534e]
	undetected_chromedriver!(No symbol) [0xba58ee]
	undetected_chromedriver!(No symbol) [0xba5dcd]
	undetected_chromedriver!GetHandleVerifier [0x10548b9+2785c9]
	undetected_chromedriver!GetHandleVerifier [0x104feb5+273bc5]
	undetected_chromedriver!GetHandleVerifier [0x106e06b+291d7b]
	undetected_chromedriver!GetHandleVerifier [0xe05cc8+299d8]
	undetected_chromedriver!GetHandleVerifier [0xe0d9fd+3170d]
	undetected_chromedriver!(No symbol) [0xba4ee9]
	undetected_chromedriver!(No symbol) [0xba4530]
	undetected_chromedriver!GetHandleVerifier [0x11a2e9f+3c6baf]
	KERNEL32!BaseThreadInitThunk [0x76f75d49+19]
	ntdll!RtlInitializeExceptionChain [0x7722d81b+6b]
	ntdll!RtlGetAppContainerNamedObjectPath [0x7722d7a1+231]

2026-03-24 23:37:20,370 | INFO | Instagram: scrapeando post 113/120 -> https://www.instagram.com/lanoticiaencali/reel/DWO9LE-gUGo/
2026-03-24 23:37:20,371 | WARNING | Error scrapeando post https://www.instagram.com/lanoticiaencali/reel/DWO9LE-gUGo/: Message: invalid session id
Stacktrace:
	undetected_chromedriver!GetHandleVerifier [0xdecdf3+10b03]
	undetected_chromedriver!GetHandleVerifier [0xdecf24+10c34]
	undetected_chromedriver!(No symbol) [0xbd1f5e]
	undetected_chromedriver!(No symbol) [0xc0f4b7]
	undetected_chromedriver!(No symbol) [0xc3d9c6]
	undetected_chromedriver!(No symbol) [0xc38e42]
	undetected_chromedriver!(No symbol) [0xc38462]
	undetected_chromedriver!(No symbol) [0xba534e]
	undetected_chromedriver!(No symbol) [0xba58ee]
	undetected_chromedriver!(No symbol) [0xba5dcd]
	undetected_chromedriver!GetHandleVerifier [0x10548b9+2785c9]
	undetected_chromedriver!GetHandleVerifier [0x104feb5+273bc5]
	undetected_chromedriver!GetHandleVerifier [0x106e06b+291d7b]
	undetected_chromedriver!GetHandleVerifier [0xe05cc8+299d8]
	undetected_chromedriver!GetHandleVerifier [0xe0d9fd+3170d]
	undetected_chromedriver!(No symbol) [0xba4ee9]
	undetected_chromedriver!(No symbol) [0xba4530]
	undetected_chromedriver!GetHandleVerifier [0x11a2e9f+3c6baf]
	KERNEL32!BaseThreadInitThunk [0x76f75d49+19]
	ntdll!RtlInitializeExceptionChain [0x7722d81b+6b]
	ntdll!RtlGetAppContainerNamedObjectPath [0x7722d7a1+231]

2026-03-24 23:37:20,371 | INFO | Instagram: scrapeando post 114/120 -> https://www.instagram.com/lanoticiaencali/reel/DWOzxCtAZAA/
2026-03-24 23:37:20,374 | WARNING | Error scrapeando post https://www.instagram.com/lanoticiaencali/reel/DWOzxCtAZAA/: Message: invalid session id
Stacktrace:
	undetected_chromedriver!GetHandleVerifier [0xdecdf3+10b03]
	undetected_chromedriver!GetHandleVerifier [0xdecf24+10c34]
	undetected_chromedriver!(No symbol) [0xbd1f5e]
	undetected_chromedriver!(No symbol) [0xc0f4b7]
	undetected_chromedriver!(No symbol) [0xc3d9c6]
	undetected_chromedriver!(No symbol) [0xc38e42]
	undetected_chromedriver!(No symbol) [0xc38462]
	undetected_chromedriver!(No symbol) [0xba534e]
	undetected_chromedriver!(No symbol) [0xba58ee]
	undetected_chromedriver!(No symbol) [0xba5dcd]
	undetected_chromedriver!GetHandleVerifier [0x10548b9+2785c9]
	undetected_chromedriver!GetHandleVerifier [0x104feb5+273bc5]
	undetected_chromedriver!GetHandleVerifier [0x106e06b+291d7b]
	undetected_chromedriver!GetHandleVerifier [0xe05cc8+299d8]
	undetected_chromedriver!GetHandleVerifier [0xe0d9fd+3170d]
	undetected_chromedriver!(No symbol) [0xba4ee9]
	undetected_chromedriver!(No symbol) [0xba4530]
	undetected_chromedriver!GetHandleVerifier [0x11a2e9f+3c6baf]
	KERNEL32!BaseThreadInitThunk [0x76f75d49+19]
	ntdll!RtlInitializeExceptionChain [0x7722d81b+6b]
	ntdll!RtlGetAppContainerNamedObjectPath [0x7722d7a1+231]

2026-03-24 23:37:20,374 | INFO | Instagram: scrapeando post 115/120 -> https://www.instagram.com/lanoticiaencali/reel/DWOvPCKgXpO/
2026-03-24 23:37:20,377 | WARNING | Error scrapeando post https://www.instagram.com/lanoticiaencali/reel/DWOvPCKgXpO/: Message: invalid session id
Stacktrace:
	undetected_chromedriver!GetHandleVerifier [0xdecdf3+10b03]
	undetected_chromedriver!GetHandleVerifier [0xdecf24+10c34]
	undetected_chromedriver!(No symbol) [0xbd1f5e]
	undetected_chromedriver!(No symbol) [0xc0f4b7]
	undetected_chromedriver!(No symbol) [0xc3d9c6]
	undetected_chromedriver!(No symbol) [0xc38e42]
	undetected_chromedriver!(No symbol) [0xc38462]
	undetected_chromedriver!(No symbol) [0xba534e]
	undetected_chromedriver!(No symbol) [0xba58ee]
	undetected_chromedriver!(No symbol) [0xba5dcd]
	undetected_chromedriver!GetHandleVerifier [0x10548b9+2785c9]
	undetected_chromedriver!GetHandleVerifier [0x104feb5+273bc5]
	undetected_chromedriver!GetHandleVerifier [0x106e06b+291d7b]
	undetected_chromedriver!GetHandleVerifier [0xe05cc8+299d8]
	undetected_chromedriver!GetHandleVerifier [0xe0d9fd+3170d]
	undetected_chromedriver!(No symbol) [0xba4ee9]
	undetected_chromedriver!(No symbol) [0xba4530]
	undetected_chromedriver!GetHandleVerifier [0x11a2e9f+3c6baf]
	KERNEL32!BaseThreadInitThunk [0x76f75d49+19]
	ntdll!RtlInitializeExceptionChain [0x7722d81b+6b]
	ntdll!RtlGetAppContainerNamedObjectPath [0x7722d7a1+231]

2026-03-24 23:37:20,377 | INFO | Instagram: scrapeando post 116/120 -> https://www.instagram.com/lanoticiaencali/reel/DWMI1lQAXqi/
2026-03-24 23:37:20,380 | WARNING | Error scrapeando post https://www.instagram.com/lanoticiaencali/reel/DWMI1lQAXqi/: Message: invalid session id
Stacktrace:
	undetected_chromedriver!GetHandleVerifier [0xdecdf3+10b03]
	undetected_chromedriver!GetHandleVerifier [0xdecf24+10c34]
	undetected_chromedriver!(No symbol) [0xbd1f5e]
	undetected_chromedriver!(No symbol) [0xc0f4b7]
	undetected_chromedriver!(No symbol) [0xc3d9c6]
	undetected_chromedriver!(No symbol) [0xc38e42]
	undetected_chromedriver!(No symbol) [0xc38462]
	undetected_chromedriver!(No symbol) [0xba534e]
	undetected_chromedriver!(No symbol) [0xba58ee]
	undetected_chromedriver!(No symbol) [0xba5dcd]
	undetected_chromedriver!GetHandleVerifier [0x10548b9+2785c9]
	undetected_chromedriver!GetHandleVerifier [0x104feb5+273bc5]
	undetected_chromedriver!GetHandleVerifier [0x106e06b+291d7b]
	undetected_chromedriver!GetHandleVerifier [0xe05cc8+299d8]
	undetected_chromedriver!GetHandleVerifier [0xe0d9fd+3170d]
	undetected_chromedriver!(No symbol) [0xba4ee9]
	undetected_chromedriver!(No symbol) [0xba4530]
	undetected_chromedriver!GetHandleVerifier [0x11a2e9f+3c6baf]
	KERNEL32!BaseThreadInitThunk [0x76f75d49+19]
	ntdll!RtlInitializeExceptionChain [0x7722d81b+6b]
	ntdll!RtlGetAppContainerNamedObjectPath [0x7722d7a1+231]

2026-03-24 23:37:20,380 | INFO | Instagram: scrapeando post 117/120 -> https://www.instagram.com/lanoticiaencali/reel/DWH--7Lgfs8/
2026-03-24 23:37:20,382 | WARNING | Error scrapeando post https://www.instagram.com/lanoticiaencali/reel/DWH--7Lgfs8/: Message: invalid session id
Stacktrace:
	undetected_chromedriver!GetHandleVerifier [0xdecdf3+10b03]
	undetected_chromedriver!GetHandleVerifier [0xdecf24+10c34]
	undetected_chromedriver!(No symbol) [0xbd1f5e]
	undetected_chromedriver!(No symbol) [0xc0f4b7]
	undetected_chromedriver!(No symbol) [0xc3d9c6]
	undetected_chromedriver!(No symbol) [0xc38e42]
	undetected_chromedriver!(No symbol) [0xc38462]
	undetected_chromedriver!(No symbol) [0xba534e]
	undetected_chromedriver!(No symbol) [0xba58ee]
	undetected_chromedriver!(No symbol) [0xba5dcd]
	undetected_chromedriver!GetHandleVerifier [0x10548b9+2785c9]
	undetected_chromedriver!GetHandleVerifier [0x104feb5+273bc5]
	undetected_chromedriver!GetHandleVerifier [0x106e06b+291d7b]
	undetected_chromedriver!GetHandleVerifier [0xe05cc8+299d8]
	undetected_chromedriver!GetHandleVerifier [0xe0d9fd+3170d]
	undetected_chromedriver!(No symbol) [0xba4ee9]
	undetected_chromedriver!(No symbol) [0xba4530]
	undetected_chromedriver!GetHandleVerifier [0x11a2e9f+3c6baf]
	KERNEL32!BaseThreadInitThunk [0x76f75d49+19]
	ntdll!RtlInitializeExceptionChain [0x7722d81b+6b]
	ntdll!RtlGetAppContainerNamedObjectPath [0x7722d7a1+231]

2026-03-24 23:37:20,382 | INFO | Instagram: scrapeando post 118/120 -> https://www.instagram.com/lanoticiaencali/reel/DWHpg9mARUR/
2026-03-24 23:37:20,387 | WARNING | Error scrapeando post https://www.instagram.com/lanoticiaencali/reel/DWHpg9mARUR/: Message: invalid session id
Stacktrace:
	undetected_chromedriver!GetHandleVerifier [0xdecdf3+10b03]
	undetected_chromedriver!GetHandleVerifier [0xdecf24+10c34]
	undetected_chromedriver!(No symbol) [0xbd1f5e]
	undetected_chromedriver!(No symbol) [0xc0f4b7]
	undetected_chromedriver!(No symbol) [0xc3d9c6]
	undetected_chromedriver!(No symbol) [0xc38e42]
	undetected_chromedriver!(No symbol) [0xc38462]
	undetected_chromedriver!(No symbol) [0xba534e]
	undetected_chromedriver!(No symbol) [0xba58ee]
	undetected_chromedriver!(No symbol) [0xba5dcd]
	undetected_chromedriver!GetHandleVerifier [0x10548b9+2785c9]
	undetected_chromedriver!GetHandleVerifier [0x104feb5+273bc5]
	undetected_chromedriver!GetHandleVerifier [0x106e06b+291d7b]
	undetected_chromedriver!GetHandleVerifier [0xe05cc8+299d8]
	undetected_chromedriver!GetHandleVerifier [0xe0d9fd+3170d]
	undetected_chromedriver!(No symbol) [0xba4ee9]
	undetected_chromedriver!(No symbol) [0xba4530]
	undetected_chromedriver!GetHandleVerifier [0x11a2e9f+3c6baf]
	KERNEL32!BaseThreadInitThunk [0x76f75d49+19]
	ntdll!RtlInitializeExceptionChain [0x7722d81b+6b]
	ntdll!RtlGetAppContainerNamedObjectPath [0x7722d7a1+231]

2026-03-24 23:37:20,387 | INFO | Instagram: scrapeando post 119/120 -> https://www.instagram.com/lanoticiaencali/reel/DWFr9DejKl0/
2026-03-24 23:37:20,389 | WARNING | Error scrapeando post https://www.instagram.com/lanoticiaencali/reel/DWFr9DejKl0/: Message: invalid session id
Stacktrace:
	undetected_chromedriver!GetHandleVerifier [0xdecdf3+10b03]
	undetected_chromedriver!GetHandleVerifier [0xdecf24+10c34]
	undetected_chromedriver!(No symbol) [0xbd1f5e]
	undetected_chromedriver!(No symbol) [0xc0f4b7]
	undetected_chromedriver!(No symbol) [0xc3d9c6]
	undetected_chromedriver!(No symbol) [0xc38e42]
	undetected_chromedriver!(No symbol) [0xc38462]
	undetected_chromedriver!(No symbol) [0xba534e]
	undetected_chromedriver!(No symbol) [0xba58ee]
	undetected_chromedriver!(No symbol) [0xba5dcd]
	undetected_chromedriver!GetHandleVerifier [0x10548b9+2785c9]
	undetected_chromedriver!GetHandleVerifier [0x104feb5+273bc5]
	undetected_chromedriver!GetHandleVerifier [0x106e06b+291d7b]
	undetected_chromedriver!GetHandleVerifier [0xe05cc8+299d8]
	undetected_chromedriver!GetHandleVerifier [0xe0d9fd+3170d]
	undetected_chromedriver!(No symbol) [0xba4ee9]
	undetected_chromedriver!(No symbol) [0xba4530]
	undetected_chromedriver!GetHandleVerifier [0x11a2e9f+3c6baf]
	KERNEL32!BaseThreadInitThunk [0x76f75d49+19]
	ntdll!RtlInitializeExceptionChain [0x7722d81b+6b]
	ntdll!RtlGetAppContainerNamedObjectPath [0x7722d7a1+231]

2026-03-24 23:37:20,390 | INFO | Instagram: scrapeando post 120/120 -> https://www.instagram.com/lanoticiaencali/reel/DWEzn4WAYif/
2026-03-24 23:37:20,392 | WARNING | Error scrapeando post https://www.instagram.com/lanoticiaencali/reel/DWEzn4WAYif/: Message: invalid session id
Stacktrace:
	undetected_chromedriver!GetHandleVerifier [0xdecdf3+10b03]
	undetected_chromedriver!GetHandleVerifier [0xdecf24+10c34]
	undetected_chromedriver!(No symbol) [0xbd1f5e]
	undetected_chromedriver!(No symbol) [0xc0f4b7]
	undetected_chromedriver!(No symbol) [0xc3d9c6]
	undetected_chromedriver!(No symbol) [0xc38e42]
	undetected_chromedriver!(No symbol) [0xc38462]
	undetected_chromedriver!(No symbol) [0xba534e]
	undetected_chromedriver!(No symbol) [0xba58ee]
	undetected_chromedriver!(No symbol) [0xba5dcd]
	undetected_chromedriver!GetHandleVerifier [0x10548b9+2785c9]
	undetected_chromedriver!GetHandleVerifier [0x104feb5+273bc5]
	undetected_chromedriver!GetHandleVerifier [0x106e06b+291d7b]
	undetected_chromedriver!GetHandleVerifier [0xe05cc8+299d8]
	undetected_chromedriver!GetHandleVerifier [0xe0d9fd+3170d]
	undetected_chromedriver!(No symbol) [0xba4ee9]
	undetected_chromedriver!(No symbol) [0xba4530]
	undetected_chromedriver!GetHandleVerifier [0x11a2e9f+3c6baf]
	KERNEL32!BaseThreadInitThunk [0x76f75d49+19]
	ntdll!RtlInitializeExceptionChain [0x7722d81b+6b]
	ntdll!RtlGetAppContainerNamedObjectPath [0x7722d7a1+231]

2026-03-24 23:37:20,392 | INFO | Instagram: 0 posts recolectados de 120 URLs procesadas
2026-03-24 23:37:22,126 | INFO | === Resumen final: {'sources': 0, 'urls_seen': 0, 'html_saved': 0, 'json_saved': 0, 'skipped': 0, 'failed': 0, 'social_sources': 1, 'social_seen': 0, 'social_saved': 0, 'social_failed': 0} ===
2026-03-24 23:37:22,126 | INFO | ensuring close
